date,sku_id,store_id,supplier_id,is_true_baseline,units_sold,promo_flag,stock_out_flag,stock_on_hand,lead_time_days,effective_price,price_index,promo_intensity,lag_units_7,lag_units_28,roll_mean_28d,lt_rolling_mean_30d,lt_rolling_std_30d,supplier_cv,stock_cover_days,required_safety_stock,safety_stock_gap,under_buffered_flag
2021-05-06,SKU0001,STORE0001,S044,0,172,1,0,296,5,4.992000000000001,0.8000000000000002,0.2,201.0,118.0,129.17857142857142,6.6,2.1908902300206643,0.3084681754509043,2.3518541850405272,533.6550880460609,-237.65508804606088,1
2021-05-10,SKU0001,STORE0001,S048,1,103,0,0,225,7,6.24,1.0,0.0,124.0,7.0,126.21428571428572,7.4,1.816590212458495,0.3102185270687608,1.622027441614736,496.66757912930393,-271.66757912930393,1
2021-05-28,SKU0001,STORE0001,S037,1,112,0,0,292,6,6.24,1.0,0.0,62.0,65.0,136.35714285714286,6.2,0.4472135954999578,0.3084542729455699,2.7216790256282564,262.53673932727725,29.46326067272275,0
2021-05-29,SKU0001,STORE0001,S014,0,184,1,0,283,7,4.992000000000001,0.8000000000000002,0.2,136.0,124.0,138.03571428571428,6.6,1.3416407864998738,0.3103407898821775,2.473136938878187,357.52067448068306,-74.52067448068306,1
2021-06-02,SKU0001,STORE0001,S043,1,216,0,0,285,4,6.24,1.0,0.0,129.0,143.0,144.67857142857142,5.0,2.0,0.3082406769329207,2.067342516686407,506.0175811700926,-221.01758117009263,1
2021-06-15,SKU0001,STORE0001,S028,0,268,1,0,321,7,5.304,0.85,0.15,175.0,143.0,158.96428571428572,6.6,2.792848008753788,0.3083420165975531,1.886638785498322,830.1357670171321,-509.13576701713214,1
2021-06-16,SKU0001,STORE0001,S026,0,344,1,0,225,6,5.304,0.85,0.15,103.0,90.0,163.42857142857142,7.0,1.5811388300841898,0.3104833780269682,1.226628826789885,561.8870055204952,-336.8870055204952,1
2021-06-17,SKU0001,STORE0001,S047,1,175,0,0,441,6,6.24,1.0,0.0,257.0,270.0,172.5,6.8,1.6431676725154982,0.3084207457711594,2.0242530034288366,670.9661019512737,-229.96610195127369,1
2021-06-18,SKU0001,STORE0001,S047,1,164,0,0,313,5,6.24,1.0,0.0,132.0,62.0,169.10714285714286,6.666666666666667,1.505545305418162,0.3084207457711594,1.5183571528066044,595.7874443553454,-282.78744435534543,1
2021-06-20,SKU0001,STORE0001,S048,1,236,0,0,282,8,6.24,1.0,0.0,155.0,184.0,173.57142857142858,7.333333333333333,1.632993161855452,0.3102185270687608,1.3852563531266864,627.0983433238733,-345.09834332387334,1
2021-06-22,SKU0001,STORE0001,S014,1,159,0,0,381,4,6.24,1.0,0.0,268.0,92.0,176.57142857142858,6.666666666666667,1.2110601416389966,0.3103407898821775,1.8267035705993189,506.7732482778346,-125.77324827783464,1
2021-06-24,SKU0001,STORE0001,S048,1,158,0,0,356,4,6.24,1.0,0.0,175.0,66.0,180.14285714285714,7.428571428571429,1.5118578920369088,0.3102185270687608,2.1317237621331606,509.1501645566138,-153.1501645566138,1
2021-06-25,SKU0001,STORE0001,S010,1,185,0,0,489,9,6.24,1.0,0.0,164.0,112.0,183.42857142857144,5.2,1.9235384061671343,0.3081380225224308,2.971336111672932,571.0235857740063,-82.02358577400628,1
2021-06-28,SKU0001,STORE0001,S020,1,238,0,0,362,1,6.24,1.0,0.0,114.0,152.0,178.75,7.2,2.5884358211089573,0.3082092919427658,2.636817421725336,658.511867344601,-296.511867344601,1
2021-07-06,SKU0001,STORE0001,S037,1,108,0,0,322,9,6.24,1.0,0.0,295.0,175.0,176.07142857142858,6.166666666666667,0.408248290463863,0.3084542729455699,1.8877611270285684,302.80909888186335,19.19090111813665,0
2021-07-10,SKU0001,STORE0001,S043,1,247,0,0,403,7,6.24,1.0,0.0,226.0,209.0,176.67857142857142,4.833333333333333,1.834847859269718,0.3082406769329207,2.3825872651090747,570.3935579231322,-167.39355792313222,1
2021-07-20,SKU0001,STORE0001,S028,1,175,0,0,444,5,6.24,1.0,0.0,163.0,159.0,180.17857142857144,6.666666666666667,2.503331114069145,0.3083420165975531,2.161324666708855,888.5653936385935,-444.5653936385935,1
2021-07-26,SKU0001,STORE0001,S043,0,217,1,0,215,6,5.6160000000000005,0.9,0.1,265.0,238.0,183.53571428571428,5.142857142857143,1.864454471471609,0.3082406769329207,1.2479197881936008,578.3350229227578,-363.33502292275784,1
2021-07-28,SKU0001,STORE0001,S039,1,112,0,0,216,6,6.24,1.0,0.0,133.0,168.0,180.78571428571428,6.8,1.0954451150103324,0.3090501345727116,1.2373087879202,403.1863409018165,-187.18634090181644,1
2021-08-04,SKU0001,STORE0001,S059,1,185,0,0,407,5,6.24,1.0,0.0,112.0,126.0,184.46428571428572,6.8,2.04939015319192,0.3073502992299263,2.5666504805825547,584.5663631212943,-177.56636312129433,1
2021-08-05,SKU0001,STORE0001,S050,1,95,0,0,364,6,6.24,1.0,0.0,124.0,174.0,186.57142857142856,5.8,1.3038404810405295,0.3116418514693667,2.1538334092697675,419.93337074951233,-55.933370749512335,1
2021-08-07,SKU0001,STORE0001,S043,1,266,0,0,299,7,6.24,1.0,0.0,229.0,247.0,177.07142857142858,5.25,1.7525491637693282,0.3082406769329207,1.892393086119708,502.5346525898202,-203.5346525898202,1
2021-08-08,SKU0001,STORE0001,S043,1,224,0,0,423,3,6.24,1.0,0.0,204.0,165.0,177.75,5.444444444444445,1.740051084818425,0.3082406769329207,2.590535316056682,516.5703416590117,-93.57034165901166,1
2021-08-13,SKU0001,STORE0001,S001,1,153,0,0,271,7,6.24,1.0,0.0,89.0,212.0,172.75,7.6,2.073644135332772,0.3097174709269413,1.6144584670559408,630.7854279889993,-359.78542798899934,1
2021-08-14,SKU0001,STORE0001,S019,1,206,0,0,430,9,6.24,1.0,0.0,266.0,188.0,170.64285714285714,7.0,2.345207879911715,0.3086162017218525,2.429364805848554,728.616361960577,-298.616361960577,1
2021-08-15,SKU0001,STORE0001,S023,1,163,0,0,239,6,6.24,1.0,0.0,224.0,210.0,171.28571428571428,6.8,1.3038404810405295,0.3074041161280592,1.4189907269422488,438.1119341545483,-199.1119341545483,1
2021-08-22,SKU0001,STORE0001,S027,1,148,0,0,222,10,6.24,1.0,0.0,163.0,132.0,185.5,5.8,1.3038404810405295,0.307628289113354,0.9238962739156258,604.0700189091474,-382.0700189091474,1
2021-08-23,SKU0001,STORE0001,S028,0,11,0,1,277,9,6.24,1.0,0.0,216.0,217.0,186.07142857142856,6.428571428571429,2.370453040886408,0.3083420165975531,1.1631624822211304,987.363540820696,-710.3635408206959,1
2021-08-24,SKU0001,STORE0001,S037,0,335,1,0,96,7,4.367999999999999,0.6999999999999998,0.3,396.0,239.0,178.71428571428572,6.571428571428571,1.1338934190276817,0.3084542729455699,0.4596421220965426,530.1513694031898,-434.15136940318985,1
2021-08-26,SKU0001,STORE0001,S020,0,458,1,0,414,7,5.304,0.85,0.15,141.0,124.0,181.3571428571429,6.166666666666667,3.4302575219167832,0.3082092919427658,2.408963538865526,1039.9703638160304,-625.9703638160304,1
2021-08-28,SKU0001,STORE0001,S059,0,345,1,0,440,7,5.6160000000000005,0.9,0.1,386.0,229.0,196.1071428571429,6.5,1.97484176581315,0.3073502992299263,1.8734713416670363,878.5642980346043,-438.5642980346043,1
2021-08-31,SKU0001,STORE0001,S014,1,117,0,0,325,5,6.24,1.0,0.0,335.0,124.0,204.0,6.285714285714286,1.4960264830861911,0.3103407898821775,1.1769227943820173,813.4027548700724,-488.4027548700724,1
2021-09-05,SKU0001,STORE0001,S050,1,116,0,0,321,6,6.24,1.0,0.0,206.0,224.0,204.92857142857144,5.833333333333333,1.1690451944500122,0.3116418514693667,1.763726572930918,542.3142642365626,-221.31426423656265,1
2021-09-06,SKU0001,STORE0001,S036,1,90,0,0,214,3,6.24,1.0,0.0,283.0,101.0,201.07142857142856,5.6,1.140175425099138,0.304556316101683,1.2651952226633796,518.9457807522324,-304.9457807522324,1
2021-09-09,SKU0001,STORE0001,S048,1,102,0,0,369,7,6.24,1.0,0.0,128.0,175.0,193.03571428571428,7.0,1.8516401995451028,0.3102185270687608,3.2206701437768,601.5380950359825,-232.53809503598245,1
2021-09-10,SKU0001,STORE0001,S050,1,109,0,0,335,4,6.24,1.0,0.0,168.0,153.0,190.42857142857144,5.857142857142857,1.0690449676496976,0.3116418514693667,3.0218799572684265,493.0265023667157,-158.02650236671565,1
2021-09-11,SKU0001,STORE0001,S051,1,166,0,0,416,10,6.24,1.0,0.0,194.0,206.0,188.8571428571429,6.8,0.8366600265340757,0.3096633370683461,4.061327155801826,511.2186918461187,-95.21869184611876,1
2021-09-17,SKU0001,STORE0001,S037,0,133,1,0,253,6,5.6160000000000005,0.9,0.1,109.0,92.0,168.64285714285714,6.625,1.060660171779821,0.3084542729455699,1.8583284278079804,506.6712865463604,-253.6712865463604,1
2021-09-19,SKU0001,STORE0001,S043,1,114,0,0,201,12,6.24,1.0,0.0,145.0,148.0,162.64285714285714,5.2,1.8135294011647256,0.3082406769329207,1.4240789791975157,554.650700051868,-353.65070005186794,1
2021-09-22,SKU0001,STORE0001,S028,0,192,1,0,323,8,5.6160000000000005,0.9,0.1,127.0,90.0,159.25,6.75,2.3754698783308417,0.3083420165975531,2.36257415045031,648.7392181911748,-325.7392181911748,1
2021-09-23,SKU0001,STORE0001,S023,0,1,0,1,303,8,6.24,1.0,0.0,121.0,458.0,162.89285714285714,6.666666666666667,1.2110601416389966,0.3074041161280592,2.0753282511763618,463.0694569160995,-160.0694569160995,1
2021-09-24,SKU0001,STORE0001,S059,1,53,0,0,229,5,6.24,1.0,0.0,133.0,216.0,146.57142857142858,6.571428571428571,1.8126539343499315,0.3073502992299263,1.777148070912975,480.3325458639381,-251.33254586393804,1
2021-09-25,SKU0001,STORE0001,S006,1,125,0,0,375,5,6.24,1.0,0.0,177.0,345.0,140.75,5.4,1.140175425099138,0.3102734775273436,3.1934034625009273,343.4654846641978,31.53451533580221,0
2021-09-26,SKU0001,STORE0001,S036,1,165,0,0,173,8,6.24,1.0,0.0,114.0,206.0,132.89285714285714,5.166666666666667,1.4719601443879742,0.304556316101683,1.5727129753365878,339.18314237653476,-166.18314237653476,1
2021-09-28,SKU0001,STORE0001,S029,1,85,0,0,150,8,6.24,1.0,0.0,141.0,117.0,124.96428571428572,6.6,2.302172886644268,0.3115503492149712,1.3478697880763586,464.84653553015534,-314.84653553015534,1
2021-10-02,SKU0001,STORE0001,S020,1,105,0,0,266,7,6.24,1.0,0.0,125.0,194.0,122.82142857142856,6.285714285714286,3.147183169877773,0.3082092919427658,2.017319478617172,715.3046489530857,-449.3046489530857,1
2021-10-03,SKU0001,STORE0001,S048,1,127,0,0,262,8,6.24,1.0,0.0,165.0,116.0,119.64285714285714,7.0,1.7320508075688772,0.3102185270687608,2.030992007813893,424.33132691329786,-162.33132691329786,1
2021-10-04,SKU0001,STORE0001,S029,1,80,0,0,410,7,6.24,1.0,0.0,102.0,90.0,120.03571428571428,6.833333333333333,2.136976056643281,0.3115503492149712,3.317892225149623,482.6621100090108,-72.6621100090108,1
2021-10-05,SKU0001,STORE0001,S029,1,92,0,0,178,6,6.24,1.0,0.0,85.0,37.0,119.67857142857144,6.857142857142857,1.9518001458970664,0.3115503492149712,1.4780422938362314,440.6420253994223,-262.6420253994223,1
2021-10-06,SKU0001,STORE0001,S006,1,118,0,0,475,6,6.24,1.0,0.0,145.0,69.0,121.64285714285714,5.333333333333333,1.0327955589886446,0.3102734775273436,3.911732491614775,271.1517999093947,203.8482000906053,0
2021-10-14,SKU0001,STORE0001,S029,1,62,0,0,313,9,6.24,1.0,0.0,77.0,121.0,118.82142857142856,6.75,1.8322507626258089,0.3115503492149712,2.718338674478013,411.88116764705296,-98.88116764705296,1
2021-10-19,SKU0001,STORE0001,S023,1,97,0,0,326,6,6.24,1.0,0.0,123.0,141.0,113.28571428571428,6.857142857142857,1.2149857925879115,0.3074041161280592,2.975201008595749,319.07693238903846,6.923067610961539,0
2021-10-21,SKU0001,STORE0001,S039,1,122,0,0,202,6,6.24,1.0,0.0,62.0,1.0,109.42857142857144,6.666666666666667,1.0327955589886444,0.3090501345727116,1.8629604206548815,285.61431590739176,-83.61431590739176,1
2021-10-23,SKU0001,STORE0001,S026,1,136,0,0,238,8,6.24,1.0,0.0,190.0,125.0,114.85714285714286,6.833333333333333,1.4719601443879746,0.3104833780269682,2.1061760515393666,337.0935590008232,-99.09355900082318,1
2021-10-24,SKU0001,STORE0001,S033,1,186,0,0,392,4,6.24,1.0,0.0,66.0,165.0,115.25,6.8,1.4832396974191326,0.3108705289145506,3.723166808456365,323.65281839564193,68.34718160435807,0
2021-10-27,SKU0001,STORE0001,S014,1,125,0,0,308,6,6.24,1.0,0.0,128.0,145.0,118.03571428571428,6.125,1.457737973711325,0.3103407898821775,2.3955369236017052,362.01683298791926,-54.01683298791926,1
2021-10-28,SKU0001,STORE0001,S033,0,223,1,0,321,7,4.992000000000001,0.8000000000000002,0.2,122.0,70.0,117.32142857142856,6.333333333333333,1.7511900715418265,0.3108705289145506,2.504997173935098,416.2682971631069,-95.26829716310692,1
2021-10-30,SKU0001,STORE0001,S026,1,109,0,0,429,9,6.24,1.0,0.0,136.0,105.0,116.5,7.0,1.4142135623730951,0.3104833780269682,3.099048820080763,379.7908766452841,49.20912335471593,0
2021-11-01,SKU0001,STORE0001,S048,1,79,0,0,318,7,6.24,1.0,0.0,129.0,80.0,112.60714285714286,7.1,1.66332999331662,0.3102185270687608,2.8908828101562714,372.4193755708683,-54.41937557086828,1
2021-11-04,SKU0001,STORE0001,S010,1,132,0,0,224,7,6.24,1.0,0.0,223.0,77.0,113.5,5.833333333333333,2.3166067138525404,0.3081380225224308,2.1899227242191763,438.0018499045882,-214.0018499045882,1
2021-11-05,SKU0001,STORE0001,S016,0,150,1,0,371,9,4.992000000000001,0.8000000000000002,0.2,55.0,127.0,115.46428571428572,6.2,1.3038404810405295,0.3096568195019532,4.155153462281222,278.6442017048043,92.35579829519573,0
2021-11-06,SKU0001,STORE0001,S003,1,71,0,0,366,5,6.24,1.0,0.0,109.0,235.0,116.28571428571428,8.0,0.0,0.3112102997232034,3.5582987387622618,231.1182010512004,134.8817989487996,0
2021-11-07,SKU0001,STORE0001,S033,1,98,0,0,333,8,6.24,1.0,0.0,14.0,53.0,110.42857142857144,6.428571428571429,1.618347187425374,0.3108705289145506,3.417853482442262,319.6534199600069,13.346580039993114,0
2021-11-09,SKU0001,STORE0001,S037,1,72,0,0,64,10,6.24,1.0,0.0,108.0,123.0,113.0,6.555555555555555,1.0137937550497031,0.3084542729455699,0.5635170507932634,261.7224169697761,-197.72241696977608,1
2021-11-13,SKU0001,STORE0001,S044,1,126,0,0,236,7,6.24,1.0,0.0,71.0,190.0,116.92857142857144,6.333333333333333,2.065591117977289,0.3084681754509043,2.0805861913056183,428.4718861554673,-192.4718861554673,1
2021-11-14,SKU0001,STORE0001,S025,1,135,0,0,221,8,6.24,1.0,0.0,98.0,66.0,114.64285714285714,7.2,3.1144823004794873,0.3052289813924146,1.822128675028592,650.658049228249,-429.65804922824896,1
2021-11-16,SKU0001,STORE0001,S026,1,73,0,0,381,4,6.24,1.0,0.0,72.0,97.0,119.75,7.25,1.48804761828569,0.3104833780269682,2.7897285270923744,385.30245504763866,-4.302455047638659,1
2021-11-18,SKU0001,STORE0001,S039,0,188,1,0,140,7,5.6160000000000005,0.9,0.1,138.0,122.0,119.32142857142856,6.571428571428571,0.9759000729485332,0.3090501345727116,1.0745531558420056,279.262080604418,-139.26208060441795,1
2021-11-23,SKU0001,STORE0001,S015,1,99,0,0,232,7,6.24,1.0,0.0,73.0,115.0,127.21428571428572,5.8,2.588435821108957,0.3079336690316962,1.4885330708235602,703.7990826312472,-471.7990826312472,1
2021-11-24,SKU0001,STORE0001,S020,1,132,0,0,199,8,6.24,1.0,0.0,140.0,125.0,126.64285714285714,6.375,2.924648941081891,0.3082092919427658,1.2470826055700637,806.7143362524516,-607.7143362524516,1
2021-11-25,SKU0001,STORE0001,S050,0,220,1,0,386,9,4.992000000000001,0.8000000000000002,0.2,188.0,223.0,126.89285714285714,5.625,1.1877349391654208,0.3116418514693667,2.436413836882905,383.9759154865019,2.02408451349811,0
2021-11-27,SKU0001,STORE0001,S015,1,151,0,0,307,4,6.24,1.0,0.0,321.0,109.0,129.42857142857142,6.0,2.3664319132398464,0.3079336690316962,1.878485009270048,676.8071637158865,-369.8071637158866,1
2021-11-28,SKU0001,STORE0001,S023,1,85,0,0,328,5,6.24,1.0,0.0,107.0,14.0,130.92857142857142,6.75,1.164964745021435,0.3074041161280592,2.3572725863366486,358.81239727423343,-30.812397274233433,1
2021-12-01,SKU0001,STORE0001,S026,1,85,0,0,211,9,6.24,1.0,0.0,132.0,128.0,137.46428571428572,6.888888888888889,1.763834207376394,0.3104833780269682,1.45373014162304,475.9119017571709,-264.9119017571709,1
2021-12-02,SKU0001,STORE0001,S039,1,118,0,0,168,5,6.24,1.0,0.0,220.0,132.0,135.92857142857142,6.625,0.9161253813129042,0.3090501345727116,1.2136135239477115,302.88363962434397,-134.88363962434397,1
2021-12-07,SKU0001,STORE0001,S053,1,82,0,0,304,10,6.24,1.0,0.0,135.0,72.0,138.78571428571428,5.6,2.073644135332772,0.3087142855453137,2.4772789977264447,473.7404927285404,-169.7404927285404,1
2021-12-09,SKU0001,STORE0001,S044,1,103,0,0,200,8,6.24,1.0,0.0,118.0,138.0,138.82142857142858,6.428571428571429,1.9023794624226835,0.3084681754509043,1.5607459027633006,464.5054597772786,-264.50545977727853,1
2021-12-10,SKU0001,STORE0001,S023,0,35,0,1,194,5,6.24,1.0,0.0,152.0,122.0,137.57142857142858,6.555555555555555,1.2360330811826103,0.3074041161280592,1.5396703200768247,349.13440823446143,-155.13440823446143,1
2021-12-11,SKU0001,STORE0001,S025,0,289,1,0,326,5,4.992000000000001,0.8000000000000002,0.2,235.0,126.0,134.46428571428572,7.333333333333333,2.804757862395017,0.3052289813924146,2.98297924071283,570.6835057431783,-244.68350574317833,1
2021-12-12,SKU0001,STORE0001,S003,1,112,0,0,260,7,6.24,1.0,0.0,82.0,135.0,140.28571428571428,7.5,1.224744871391589,0.3112102997232034,2.2222032290322304,380.35225473049513,-120.35225473049512,1
2021-12-13,SKU0001,STORE0001,S053,1,48,0,0,342,10,6.24,1.0,0.0,52.0,178.0,139.46428571428572,6.333333333333333,2.581988897471611,0.3087142855453137,2.819764736922074,585.1743702749641,-243.17437027496408,1
2021-12-14,SKU0001,STORE0001,S016,1,118,0,0,352,7,6.24,1.0,0.0,82.0,73.0,134.82142857142858,6.666666666666667,1.632993161855452,0.3096568195019532,2.915952175544108,435.225028360952,-83.22502836095197,1
2021-12-15,SKU0001,STORE0001,S033,1,129,0,0,464,7,6.24,1.0,0.0,176.0,140.0,136.42857142857142,6.625,1.5979898086569353,0.3108705289145506,3.6866903441175833,436.82360138251863,27.176398617481368,0
2021-12-16,SKU0001,STORE0001,S029,0,168,1,0,200,5,5.304,0.85,0.15,103.0,188.0,136.03571428571428,7.0,1.8708286933869709,0.3115503492149712,1.6786429850109172,469.6261648083709,-269.62616480837085,1
2021-12-18,SKU0001,STORE0001,S001,1,95,0,0,242,6,6.24,1.0,0.0,289.0,321.0,133.89285714285714,7.5,1.8708286933869704,0.3097174709269413,1.7831447557754836,517.0439594722926,-275.0439594722926,1
2021-12-19,SKU0001,STORE0001,S034,1,99,0,0,341,7,6.24,1.0,0.0,112.0,107.0,125.82142857142856,7.4,1.8165902124584952,0.3083804457553219,3.157378172424329,411.1487459299397,-70.14874592993965,1
2021-12-21,SKU0001,STORE0001,S003,1,135,0,0,331,5,6.24,1.0,0.0,118.0,99.0,123.5,7.428571428571429,1.1338934190276817,0.3112102997232034,2.993512978564793,330.1810993196169,0.8189006803830807,0
2021-12-22,SKU0001,STORE0001,S014,1,44,0,0,316,8,6.24,1.0,0.0,129.0,132.0,124.78571428571428,6.111111111111111,1.3642254619787415,0.3103407898821775,2.7964354297749576,344.7625382219528,-28.76253822195281,1
2021-12-23,SKU0001,STORE0001,S022,1,119,0,0,288,4,6.24,1.0,0.0,168.0,220.0,121.64285714285714,6.4,2.073644135332772,0.3087605458518112,2.8554957670391365,424.0344839092898,-136.0344839092898,1
2021-12-25,SKU0001,STORE0001,S020,1,101,0,0,231,4,6.24,1.0,0.0,95.0,151.0,118.53571428571428,6.555555555555555,2.7888667551135855,0.3082092919427658,2.264683679571769,525.5470876140437,-294.5470876140437,1
2021-12-26,SKU0001,STORE0001,S027,1,152,0,0,299,4,6.24,1.0,0.0,99.0,85.0,116.75,6.5,2.073644135332772,0.307628289113354,2.906916182759334,422.760275064006,-123.760275064006,1
2021-12-27,SKU0001,STORE0001,S040,1,107,0,0,218,12,6.24,1.0,0.0,79.0,164.0,119.14285714285714,8.4,1.1401754250991378,0.3095310466806659,1.9741089019892444,337.83975162880466,-119.83975162880466,1
2021-12-28,SKU0001,STORE0001,S019,1,148,0,0,339,5,6.24,1.0,0.0,135.0,135.0,117.10714285714286,7.333333333333333,2.250925735484551,0.3086162017218525,2.9625209267834114,491.03575926964777,-152.03575926964777,1
2021-12-29,SKU0001,STORE0001,S025,1,146,0,0,205,5,6.24,1.0,0.0,44.0,85.0,117.57142857142856,7.0,2.70801280154532,0.3052289813924146,1.7628841029622593,572.8580909919717,-367.8580909919717,1
2021-12-30,SKU0001,STORE0001,S028,1,53,0,0,228,6,6.24,1.0,0.0,119.0,118.0,119.75,6.888888888888889,2.2607766610417563,0.3083420165975531,1.7423447637408884,543.3926451870219,-315.3926451870219,1
2021-12-31,SKU0001,STORE0001,S001,1,191,0,0,355,9,6.24,1.0,0.0,143.0,152.0,117.42857142857144,7.285714285714286,1.7994708216848745,0.3097174709269413,2.9235053358384104,439.8081336411478,-84.80813364114778,1
2022-01-02,SKU0001,STORE0001,S020,0,326,1,0,283,9,5.304,0.85,0.15,152.0,82.0,117.35714285714286,6.3,2.7507574714370344,0.3082092919427658,1.9989767983475393,682.1753709678342,-399.17537096783417,1
2022-01-05,SKU0001,STORE0001,S004,0,149,1,0,396,12,4.367999999999999,0.6999999999999998,0.3,146.0,176.0,129.64285714285714,6.2,1.4832396974191326,0.3096189678597921,2.4230620966480103,481.8116356576521,-85.81163565765212,1
2022-01-06,SKU0001,STORE0001,S014,1,91,0,0,325,9,6.24,1.0,0.0,53.0,103.0,128.67857142857142,6.3,1.4181364924121764,0.3103407898821775,1.9834229433647743,468.18346748990126,-143.18346748990126,1
2022-01-07,SKU0001,STORE0001,S031,0,175,1,0,398,3,5.304,0.85,0.15,191.0,35.0,128.25,5.2,2.7748873851023217,0.3111676780723122,2.3510409643149788,812.858406049734,-414.8584060497339,1
2022-01-08,SKU0001,STORE0001,S026,1,159,0,0,266,5,6.24,1.0,0.0,194.0,289.0,133.25,7.1,1.7919573407620817,0.3104833780269682,1.592804833503991,566.169865981786,-300.16986598178596,1
2022-01-09,SKU0001,STORE0001,S017,1,78,0,0,436,7,6.24,1.0,0.0,326.0,112.0,128.60714285714286,5.8,2.9495762407505253,0.3056916624951722,2.6913414114727687,818.6221343521017,-382.62213435210174,1
2022-01-10,SKU0001,STORE0001,S029,1,122,0,0,306,7,6.24,1.0,0.0,105.0,48.0,127.39285714285714,6.8,1.8737959096740264,0.3115503492149712,2.4175881228929343,459.9762347990731,-153.9762347990731,1
2022-01-11,SKU0001,STORE0001,S018,0,182,1,0,228,8,4.367999999999999,0.6999999999999998,0.3,129.0,118.0,130.03571428571428,6.2,1.4832396974191326,0.3110723409070097,1.767428159471632,385.8885836688519,-157.88858366885188,1
2022-01-13,SKU0001,STORE0001,S028,1,137,0,0,326,9,6.24,1.0,0.0,91.0,168.0,131.39285714285714,6.8,2.14993539954628,0.3083420165975531,2.507673017899862,518.5466400821398,-192.5466400821398,1
2022-01-14,SKU0001,STORE0001,S048,1,77,0,0,217,3,6.24,1.0,0.0,175.0,86.0,130.28571428571428,7.090909090909091,1.5782614139961386,0.3102185270687608,1.5889004996825336,429.1303449288754,-212.1303449288754,1
2022-01-15,SKU0001,STORE0001,S059,1,103,0,0,262,8,6.24,1.0,0.0,159.0,95.0,129.96428571428572,6.375,1.7677669529663689,0.3073502992299263,2.1375116986225056,424.5301440227683,-162.5301440227683,1
2022-01-16,SKU0001,STORE0001,S038,1,98,0,0,143,4,6.24,1.0,0.0,78.0,99.0,130.25,5.8,2.04939015319192,0.3087086212806351,1.2481187820056434,444.39268005817314,-301.39268005817314,1
2022-01-18,SKU0001,STORE0001,S043,1,79,0,0,428,5,6.24,1.0,0.0,182.0,135.0,131.82142857142858,5.818181818181818,2.67649703224875,0.3082406769329207,3.635891442669783,562.3719002376192,-134.37190023761923,1
2022-01-19,SKU0001,STORE0001,S048,1,128,0,0,275,5,6.24,1.0,0.0,103.0,44.0,129.82142857142858,6.75,1.9128750375000736,0.3102185270687608,2.6698769914855194,401.10723603433934,-126.10723603433934,1
2022-01-21,SKU0001,STORE0001,S006,1,118,0,0,312,8,6.24,1.0,0.0,77.0,143.0,133.0,5.428571428571429,0.9759000729485332,0.3102734775273436,2.9795076991079212,261.9074550201674,50.09254497983261,0
2022-01-22,SKU0001,STORE0001,S028,1,129,0,0,351,8,6.24,1.0,0.0,103.0,101.0,132.10714285714286,7.0,2.1447610589527217,0.3083420165975531,3.1743898956986176,452.7433299213424,-101.74332992134237,1
2022-01-23,SKU0001,STORE0001,S006,1,154,0,0,250,5,6.24,1.0,0.0,98.0,152.0,133.10714285714286,5.75,1.2817398889233114,0.3102734775273436,2.187480859542479,316.93739101309563,-66.93739101309563,1
2022-01-25,SKU0001,STORE0001,S012,0,169,1,0,126,6,5.6160000000000005,0.9,0.1,79.0,148.0,131.96428571428572,6.2,1.3038404810405295,0.310784030916961,1.095642646585682,329.2233842787484,-203.22338427874843,1
2022-01-27,SKU0001,STORE0001,S052,1,117,0,0,292,6,6.24,1.0,0.0,124.0,53.0,131.25,7.6,0.8944271909999161,0.3097156951286978,2.344017880590408,304.76299887173417,-12.762998871734167,1
2022-01-28,SKU0001,STORE0001,S022,1,77,0,0,368,9,6.24,1.0,0.0,118.0,191.0,133.53571428571428,6.0,2.097617696340303,0.3087605458518112,2.97801058257332,475.280802311558,-107.28080231155803,1
2022-01-29,SKU0001,STORE0001,S003,1,154,0,0,288,3,6.24,1.0,0.0,129.0,194.0,129.46428571428572,7.125,1.3562026818605375,0.3112102997232034,2.44658115768434,346.42224327042925,-58.42224327042925,1
2022-01-31,SKU0001,STORE0001,S016,1,103,0,0,198,5,6.24,1.0,0.0,73.0,105.0,120.10714285714286,6.714285714285714,1.4960264830861911,0.3096568195019532,1.7346531382078003,311.93898041415446,-113.93898041415446,1
2022-02-01,SKU0001,STORE0001,S047,1,143,0,0,198,5,6.24,1.0,0.0,169.0,129.0,120.03571428571428,6.428571428571429,1.5118578920369088,0.3084207457711594,1.6718797308104756,323.2284793675694,-125.22847936756938,1
2022-02-02,SKU0001,STORE0001,S037,1,111,0,0,425,1,6.24,1.0,0.0,105.0,149.0,120.53571428571428,6.9,1.4491376746189435,0.3084542729455699,3.7048244909446617,306.5971833955288,118.40281660447118,0
2022-02-03,SKU0001,STORE0001,S053,0,280,1,0,218,6,5.6160000000000005,0.9,0.1,117.0,91.0,119.17857142857144,6.857142857142857,2.734262327610589,0.3087142855453137,1.886263036042951,538.4972839329898,-320.49728393298983,1
2022-02-04,SKU0001,STORE0001,S044,1,128,0,0,251,6,6.24,1.0,0.0,77.0,175.0,125.92857142857144,6.625,1.8468119248354136,0.3084681754509043,1.8076001510277189,460.91009219548,-209.91009219548,1
2022-02-05,SKU0001,STORE0001,S026,1,120,0,0,304,6,6.24,1.0,0.0,154.0,159.0,124.25,6.909090909090909,1.8140862964338524,0.3104833780269682,2.080142169115167,473.7673706470254,-169.76737064702542,1
2022-02-07,SKU0001,STORE0001,S021,0,279,1,0,223,9,4.992000000000001,0.8000000000000002,0.2,103.0,122.0,125.5,6.0,1.5811388300841898,0.3092303186261287,1.5052935997539072,420.1704428513725,-197.1704428513725,1
2022-02-08,SKU0001,STORE0001,S023,1,148,0,0,177,6,6.24,1.0,0.0,143.0,182.0,131.10714285714286,6.4,1.2649110640673518,0.3074041161280592,1.0214285655400177,417.62874168039616,-240.62874168039616,1
2022-02-09,SKU0001,STORE0001,S036,1,58,0,0,308,7,6.24,1.0,0.0,111.0,103.0,129.89285714285714,5.571428571428571,1.7182493859684491,0.304556316101683,1.770104769512819,529.1522213452306,-221.1522213452306,1
2022-02-10,SKU0001,STORE0001,S051,1,131,0,0,255,5,6.24,1.0,0.0,280.0,137.0,128.28571428571428,7.333333333333333,1.5055453054181622,0.3096633370683461,1.5321796349721504,471.5912342388103,-216.59123423881027,1
2022-02-11,SKU0001,STORE0001,S027,1,122,0,0,156,5,6.24,1.0,0.0,128.0,77.0,128.07142857142858,6.142857142857143,2.1157009420498154,0.307628289113354,1.0747957445175085,547.5370814751993,-391.5370814751994,1
2022-02-13,SKU0001,STORE0001,S033,1,120,0,0,289,7,6.24,1.0,0.0,152.0,98.0,128.67857142857142,6.666666666666667,1.5,0.3108705289145506,2.096357850253936,403.60278520723926,-114.60278520723926,1
2022-02-14,SKU0001,STORE0001,S046,1,60,0,0,307,7,6.24,1.0,0.0,279.0,124.0,129.46428571428572,7.0,0.7071067811865476,0.3098725276053832,2.3033053342579426,269.0047979698177,37.99520203018233,0
2022-02-18,SKU0001,STORE0001,S041,1,77,0,0,266,5,6.24,1.0,0.0,122.0,118.0,126.03571428571428,5.2,2.3874672772626644,0.3104917496182471,2.7544093478321967,430.0863430813656,-164.08634308136556,1
2022-02-19,SKU0001,STORE0001,S037,1,93,0,0,305,6,6.24,1.0,0.0,75.0,129.0,124.57142857142856,6.363636363636363,2.2482316283126735,0.3084542729455699,3.3834806903885375,403.1608675484875,-98.16086754848747,1
2022-02-21,SKU0001,STORE0001,S041,1,130,0,0,329,8,6.24,1.0,0.0,60.0,73.0,123.71428571428572,5.166666666666667,2.136976056643281,0.3104917496182471,3.313635690000244,405.8068917093987,-76.80689170939871,1
2022-02-22,SKU0001,STORE0001,S003,1,117,0,0,318,8,6.24,1.0,0.0,52.0,169.0,125.75,6.666666666666667,1.8708286933869709,0.3112102997232034,2.90977729615546,407.89131408641566,-89.89131408641566,1
2022-02-23,SKU0001,STORE0001,S003,0,99,1,1,386,6,5.6160000000000005,0.9,0.1,107.0,105.0,123.89285714285714,6.8,1.8135294011647256,0.3112102997232034,3.255394231614914,422.1504359262479,-36.15043592624795,1
2022-02-24,SKU0001,STORE0001,S051,1,110,0,0,389,7,6.24,1.0,0.0,140.0,117.0,123.67857142857144,7.0,1.632993161855452,0.3096633370683461,3.3126238584342955,392.63227713315774,-3.632277133157743,1
2022-02-26,SKU0001,STORE0001,S020,1,111,0,0,278,8,6.24,1.0,0.0,93.0,154.0,124.25,6.545454545454546,2.73362895666681,0.3082092919427658,2.3877095534148784,570.386762045129,-292.386762045129,1
2022-02-28,SKU0001,STORE0001,S021,1,96,0,0,237,6,6.24,1.0,0.0,130.0,103.0,124.71428571428572,6.5,1.8708286933869709,0.3092303186261287,2.006028969525046,426.9829481790981,-189.98294817909812,1
2022-03-01,SKU0001,STORE0001,S034,1,178,0,0,339,6,6.24,1.0,0.0,117.0,143.0,124.46428571428572,7.333333333333333,1.632993161855452,0.3083804457553219,2.992407381019335,386.0947017308689,-47.094701730868906,1
2022-03-02,SKU0001,STORE0001,S039,1,48,0,0,223,9,6.24,1.0,0.0,99.0,111.0,125.71428571428572,6.444444444444445,1.0137937550497031,0.3090501345727116,1.8278538700502456,303.939877378482,-80.93987737848198,1
2022-03-03,SKU0001,STORE0001,S015,1,133,0,0,276,7,6.24,1.0,0.0,110.0,280.0,123.46428571428572,5.714285714285714,2.2886885410853175,0.3079336690316962,2.405956610589945,485.71559403585303,-209.71559403585303,1
2022-03-04,SKU0001,STORE0001,S014,1,154,0,0,229,10,6.24,1.0,0.0,100.0,128.0,118.21428571428572,6.545454545454546,1.572490786213793,0.3103407898821775,1.940661519817629,363.85672926108094,-134.85672926108094,1
2022-03-05,SKU0001,STORE0001,S014,1,160,0,0,400,7,6.24,1.0,0.0,111.0,120.0,119.14285714285714,6.833333333333333,1.80067327475704,0.3103407898821775,3.181792872102154,425.0479573515828,-25.047957351582795,1
2022-03-09,SKU0001,STORE0001,S035,0,215,1,0,398,4,4.992000000000001,0.8000000000000002,0.2,48.0,58.0,113.46428571428572,7.0,1.5811388300841898,0.3110709114976189,3.183974528203774,364.73699000101453,33.26300999898547,0
2022-03-10,SKU0001,STORE0001,S027,1,124,0,0,309,7,6.24,1.0,0.0,133.0,131.0,119.07142857142856,6.0,2.0,0.307628289113354,2.0758017940378517,517.7086274722335,-208.7086274722335,1
2022-03-11,SKU0001,STORE0001,S046,1,120,0,0,372,6,6.24,1.0,0.0,154.0,122.0,118.82142857142856,7.0,0.6324555320336759,0.3098725276053832,2.520796083666422,234.09503244801428,137.90496755198572,0
2022-03-12,SKU0001,STORE0001,S046,1,97,0,0,265,9,6.24,1.0,0.0,160.0,75.0,118.75,6.857142857142857,0.6900655593423541,0.3098725276053832,1.8568438459390173,238.43091502375944,26.56908497624056,0
2022-03-13,SKU0001,STORE0001,S043,1,179,0,0,150,10,6.24,1.0,0.0,126.0,120.0,119.53571428571428,5.75,2.5628464289109907,0.3082406769329207,1.1217864823660506,586.8582592490005,-436.8582592490005,1
2022-03-14,SKU0001,STORE0001,S026,1,122,0,0,204,6,6.24,1.0,0.0,79.0,60.0,121.64285714285714,6.833333333333333,1.7494587907710375,0.3104833780269682,1.443872490285711,444.98878948081995,-240.98878948081995,1
2022-03-15,SKU0001,STORE0001,S001,0,8,0,1,197,8,6.24,1.0,0.0,175.0,52.0,123.85714285714286,7.5,1.7728105208558365,0.3097174709269413,1.3362312464934831,466.6625273643301,-269.6625273643301,1
2022-03-16,SKU0001,STORE0001,S007,1,102,0,0,306,7,6.24,1.0,0.0,215.0,107.0,122.28571428571428,5.6,2.302172886644267,0.3105578259739097,2.4762805387702063,498.6990453111152,-192.6990453111152,1
2022-03-17,SKU0001,STORE0001,S053,1,179,0,0,279,5,6.24,1.0,0.0,124.0,140.0,122.10714285714286,6.75,2.5495097567963927,0.3087142855453137,2.5970502934148216,488.4097727450617,-209.40977274506167,1
2022-03-18,SKU0001,STORE0001,S015,1,64,0,0,318,6,6.24,1.0,0.0,120.0,77.0,123.5,5.875,2.1671244937540095,0.3079336690316962,2.758340386142871,448.8847796798273,-130.88477967982732,1
2022-03-19,SKU0001,STORE0001,S033,1,70,0,0,279,7,6.24,1.0,0.0,97.0,93.0,123.03571428571428,6.7,1.4181364924121764,0.3108705289145506,2.6005083840763135,316.13491754805,-37.13491754805,1
2022-03-20,SKU0001,STORE0001,S021,0,149,1,0,332,8,4.367999999999999,0.6999999999999998,0.3,179.0,166.0,122.21428571428572,6.428571428571429,1.7182493859684491,0.3092303186261287,3.2099137163038476,350.1931316478849,-18.19313164788491,1
2022-03-21,SKU0001,STORE0001,S021,1,106,0,0,218,7,6.24,1.0,0.0,122.0,130.0,121.60714285714286,6.625,1.685018016012207,0.3092303186261287,2.1988250838968484,336.06865894695716,-118.06865894695716,1
2022-03-22,SKU0001,STORE0001,S048,1,140,0,0,142,7,6.24,1.0,0.0,8.0,117.0,120.75,6.615384615384615,1.8946618668626836,0.3102185270687608,1.4660615598364026,358.7400164722334,-216.74001647223335,1
2022-03-23,SKU0001,STORE0001,S001,1,134,0,0,458,7,6.24,1.0,0.0,102.0,99.0,121.57142857142856,7.555555555555555,1.6666666666666663,0.3097174709269413,3.9579904865019686,379.1932950605753,78.80670493942472,0
2022-03-24,SKU0001,STORE0001,S050,0,56,1,0,214,6,4.992000000000001,0.8000000000000002,0.2,179.0,110.0,122.82142857142856,6.0,1.5811388300841898,0.3116418514693667,1.7790825967005024,363.3285630381788,-149.3285630381788,1
2022-03-26,SKU0001,STORE0001,S002,1,166,0,0,401,5,6.24,1.0,0.0,70.0,111.0,120.67857142857144,6.0,1.224744871391589,0.3090145913461446,3.7476285268361975,288.09171902612655,112.90828097387345,0
2022-03-27,SKU0001,STORE0001,S011,0,109,1,0,287,9,5.6160000000000005,0.9,0.1,149.0,160.0,122.64285714285714,6.6,1.6733200530681511,0.3096178624491322,2.377495097673747,390.1035663769304,-103.10356637693036,1
2022-03-28,SKU0001,STORE0001,S038,1,131,0,0,322,6,6.24,1.0,0.0,106.0,96.0,120.82142857142856,5.5,1.97484176581315,0.3087086212806351,2.799975652385631,417.06903985188865,-95.06903985188865,1
2022-03-29,SKU0001,STORE0001,S022,1,165,0,0,531,8,6.24,1.0,0.0,140.0,178.0,122.07142857142856,6.428571428571429,2.225394561056747,0.3087605458518112,4.478275484423626,477.8960260331223,53.103973966877675,0
2022-03-30,SKU0001,STORE0001,S051,0,227,1,0,187,6,4.992000000000001,0.8000000000000002,0.2,134.0,48.0,121.60714285714286,7.0,1.5118578920369088,0.3096633370683461,1.530981617694358,366.3394478123331,-179.33944781233316,1
2022-04-01,SKU0001,STORE0001,S031,1,70,0,0,417,9,6.24,1.0,0.0,94.0,154.0,127.39285714285714,4.833333333333333,2.6394443859772205,0.3111676780723122,2.895813223519281,651.2490480593536,-234.24904805935364,1
2022-04-02,SKU0001,STORE0001,S013,1,126,0,0,367,8,6.24,1.0,0.0,166.0,160.0,124.39285714285714,5.6,1.140175425099138,0.3087047329885402,2.6107537852881126,327.0716499078902,39.92835009210978,0
2022-04-03,SKU0001,STORE0001,S051,1,111,0,0,420,1,6.24,1.0,0.0,109.0,126.0,123.17857142857144,6.888888888888889,1.4529663145135578,0.3096633370683461,3.114383685714195,386.2422032409677,33.75779675903232,0
2022-04-04,SKU0001,STORE0001,S034,1,115,0,0,419,6,6.24,1.0,0.0,131.0,79.0,122.64285714285714,7.142857142857143,1.5735915849388864,0.3083804457553219,3.100399891332728,411.7289722545409,7.271027745459094,0
2022-04-05,SKU0001,STORE0001,S001,1,113,0,0,369,6,6.24,1.0,0.0,165.0,175.0,123.92857142857144,7.5,1.5811388300841895,0.3097174709269413,2.777398449689088,409.1747177152408,-40.17471771524083,1
2022-04-06,SKU0001,STORE0001,S007,0,127,1,0,219,5,4.992000000000001,0.8000000000000002,0.2,227.0,215.0,121.71428571428572,5.833333333333333,2.136976056643281,0.3105578259739097,1.7459997471546354,480.4476435877536,-261.4476435877536,1
2022-04-07,SKU0001,STORE0001,S057,1,111,0,0,260,8,6.24,1.0,0.0,116.0,124.0,118.57142857142856,5.0,2.82842712474619,0.3115580407978799,2.339310571755781,542.8906754054419,-282.8906754054419,1
2022-04-08,SKU0001,STORE0001,S057,1,130,0,0,397,6,6.24,1.0,0.0,70.0,120.0,118.10714285714286,5.5,2.8106938645110393,0.3115580407978799,3.5950515325216976,539.0215180914035,-142.02151809140355,1
2022-04-09,SKU0001,STORE0001,S002,0,266,1,0,221,6,5.6160000000000005,0.9,0.1,126.0,97.0,118.46428571428572,5.833333333333333,1.169045194450012,0.3090145913461446,1.857127251031504,287.66364597438775,-66.66364597438775,1
2022-04-11,SKU0001,STORE0001,S012,1,56,0,0,329,10,6.24,1.0,0.0,115.0,122.0,120.82142857142856,6.166666666666667,1.1690451944500122,0.310784030916961,2.455205558167476,332.53943752720943,-3.5394375272094294,1
2022-04-12,SKU0001,STORE0001,S055,1,133,0,0,388,7,6.24,1.0,0.0,113.0,8.0,118.46428571428572,5.6,2.5099800796022267,0.3126593008636436,3.0898502514769506,559.0047186635326,-171.00471866353257,1
2022-04-13,SKU0001,STORE0001,S019,1,39,0,0,312,4,6.24,1.0,0.0,127.0,102.0,122.92857142857144,7.0,2.23606797749979,0.3086162017218525,2.4293470462410194,517.8885225632262,-205.88852256322616,1
2022-04-14,SKU0001,STORE0001,S052,1,109,0,0,423,6,6.24,1.0,0.0,111.0,179.0,120.67857142857144,7.333333333333333,1.0327955589886444,0.3097156951286978,3.651016575689236,299.20825536538644,123.79174463461356,0
2022-04-15,SKU0001,STORE0001,S023,1,128,0,0,244,7,6.24,1.0,0.0,130.0,64.0,118.17857142857144,6.363636363636363,1.2060453783110543,0.3074041161280592,2.111230187130643,307.4853692249682,-63.485369224968224,1
2022-04-16,SKU0001,STORE0001,S055,0,257,1,0,385,9,4.367999999999999,0.6999999999999998,0.3,266.0,70.0,120.46428571428572,5.833333333333333,2.316606713852541,0.3126593008636436,3.339500153034608,480.2248906462787,-95.22489064627872,1
2022-04-18,SKU0001,STORE0001,S007,1,119,0,0,257,3,6.24,1.0,0.0,56.0,106.0,125.57142857142856,5.714285714285714,1.9760470401187071,0.3105578259739097,2.1753141146326453,438.84680335773027,-181.84680335773027,1
2022-04-19,SKU0001,STORE0001,S035,0,160,1,0,221,7,5.6160000000000005,0.9,0.1,133.0,140.0,126.03571428571428,6.5,1.8708286933869709,0.3110709114976189,1.7381885760449074,451.7660735637575,-230.76607356375752,1
2022-04-20,SKU0001,STORE0001,S006,1,66,0,0,146,9,6.24,1.0,0.0,39.0,134.0,126.75,5.666666666666667,1.224744871391589,0.3102734775273436,1.114495309196113,338.024546589774,-192.024546589774,1
2022-04-21,SKU0001,STORE0001,S059,1,112,0,0,411,7,6.24,1.0,0.0,109.0,56.0,124.32142857142856,6.555555555555555,1.740051084818425,0.3073502992299263,3.04764689244889,450.9082514397568,-39.90825143975678,1
2022-04-22,SKU0001,STORE0001,S024,1,49,0,0,244,7,6.24,1.0,0.0,128.0,94.0,126.32142857142856,6.0,1.7320508075688772,0.3111381463742503,1.803576953496648,442.2247204101516,-198.22472041015163,1
2022-04-23,SKU0001,STORE0001,S036,1,159,0,0,230,9,6.24,1.0,0.0,257.0,166.0,124.71428571428572,5.75,1.6690459207925603,0.304556316101683,1.8548237514213597,404.46417067169614,-174.46417067169614,1
2022-04-24,SKU0001,STORE0001,S004,1,108,0,0,365,5,6.24,1.0,0.0,105.0,109.0,124.46428571428572,7.166666666666667,2.7141603981096374,0.3096189678597921,3.3181516531667894,548.4919019936206,-183.49190199362056,1
2022-04-25,SKU0001,STORE0001,S025,1,56,0,0,461,4,6.24,1.0,0.0,119.0,131.0,124.42857142857144,6.75,2.6049403612586386,0.3052289813924146,4.1746064395277145,529.2357944834577,-68.23579448345765,1
2022-04-26,SKU0001,STORE0001,S048,1,155,0,0,265,6,6.24,1.0,0.0,160.0,165.0,121.75,6.642857142857143,1.8232322463624384,0.3102185270687608,2.612650297813965,387.319552029051,-122.319552029051,1
2022-04-27,SKU0001,STORE0001,S059,0,162,1,0,274,5,5.6160000000000005,0.9,0.1,66.0,227.0,121.39285714285714,6.6,1.6465452046971292,0.3073502992299263,2.7205403634290155,361.8025483285614,-87.80254832856133,1
2022-04-29,SKU0001,STORE0001,S052,1,143,0,0,302,6,6.24,1.0,0.0,49.0,70.0,118.03571428571428,7.142857142857143,1.0690449676496974,0.3097156951286978,2.7242022301345217,304.3642160981797,-2.3642160981797247,1
2022-04-30,SKU0001,STORE0001,S006,1,114,0,0,392,3,6.24,1.0,0.0,159.0,126.0,120.64285714285714,6.0,1.563471919941143,0.3102734775273436,3.1539976115134705,383.8769553343035,8.123044665696511,0
2022-05-01,SKU0001,STORE0001,S039,1,62,0,0,404,10,6.24,1.0,0.0,108.0,111.0,120.21428571428572,6.7,1.2516655570345725,0.3090501345727116,3.427849703093428,330.17212568845474,73.82787431154526,0
2022-05-02,SKU0001,STORE0001,S019,0,176,1,0,373,8,5.6160000000000005,0.9,0.1,56.0,115.0,118.46428571428572,6.625,2.326094212561969,0.3086162017218525,3.3517028730165452,483.52134018868946,-110.52134018868946,1
2022-05-03,SKU0001,STORE0001,S039,0,218,1,0,387,7,4.992000000000001,0.8000000000000002,0.2,155.0,113.0,120.64285714285714,7.0,1.5491933384829666,0.3090501345727116,3.0133247015874183,405.3065384355889,-18.30653843558889,1
2022-05-04,SKU0001,STORE0001,S037,1,98,0,0,284,6,6.24,1.0,0.0,162.0,127.0,124.39285714285714,6.333333333333333,2.1461734799546393,0.3084542729455699,2.06651302953097,541.9626133116636,-257.96261331166363,1
2022-05-05,SKU0001,STORE0001,S050,1,60,0,0,289,6,6.24,1.0,0.0,87.0,111.0,123.35714285714286,6.0,1.4907119849998598,0.3116418514693667,2.25276640382536,392.24577429078784,-103.24577429078784,1
2022-05-06,SKU0001,STORE0001,S038,1,125,0,0,223,10,6.24,1.0,0.0,143.0,130.0,121.53571428571428,5.571428571428571,1.8126539343499315,0.3087086212806351,1.7921784784737664,437.0651796669833,-214.06517966698328,1
2022-05-07,SKU0001,STORE0001,S008,1,96,0,0,231,7,6.24,1.0,0.0,114.0,266.0,121.35714285714286,6.2,1.4832396974191326,0.3054273182188654,1.8956468118081091,383.87160002548063,-152.87160002548063,1
2022-05-08,SKU0001,STORE0001,S013,1,159,0,0,306,7,6.24,1.0,0.0,62.0,76.0,115.28571428571428,6.0,1.4142135623730951,0.3087047329885402,2.565247956005159,348.0204686978242,-42.020468697824185,1
2022-05-09,SKU0001,STORE0001,S059,1,123,0,0,470,4,6.24,1.0,0.0,176.0,56.0,118.25,6.454545454545454,1.634847782739198,0.3073502992299263,3.5300164054561822,419.5435486434435,50.4564513565565,0
2022-05-10,SKU0001,STORE0001,S026,0,237,1,0,371,7,5.6160000000000005,0.9,0.1,218.0,133.0,120.64285714285714,6.769230769230769,1.6908501882113505,0.3104833780269682,2.954470214685435,411.47587941458414,-40.47587941458414,1
2022-05-11,SKU0001,STORE0001,S041,1,127,0,0,369,7,6.24,1.0,0.0,98.0,39.0,124.35714285714286,5.571428571428571,2.225394561056747,0.3104917496182471,2.8763695605936257,517.2342240505307,-148.23422405053066,1
2022-05-12,SKU0001,STORE0001,S051,1,88,0,0,403,7,6.24,1.0,0.0,60.0,109.0,127.5,6.3,2.3118054512532935,0.3096633370683461,3.043126966678785,549.5290275336152,-146.52902753361525,1
2022-05-13,SKU0001,STORE0001,S047,1,90,0,0,292,9,6.24,1.0,0.0,125.0,128.0,126.75,6.25,1.4880476182856897,0.3084207457711594,2.1402984480742027,399.2503341714011,-107.25033417140116,1
2022-05-14,SKU0001,STORE0001,S024,1,127,0,0,293,5,6.24,1.0,0.0,96.0,257.0,125.39285714285714,6.166666666666667,1.602081978759722,0.3111381463742503,2.229330863786906,409.9707132336717,-116.97071323367167,1
2022-05-15,SKU0001,STORE0001,S003,1,137,0,0,241,3,6.24,1.0,0.0,159.0,105.0,120.75,6.7272727272727275,1.7372915179041823,0.3112102997232034,1.7739091300064036,437.2479523119812,-196.2479523119812,1
2022-05-16,SKU0001,STORE0001,S057,0,227,1,0,266,9,4.992000000000001,0.8000000000000002,0.2,123.0,119.0,121.89285714285714,5.571428571428571,2.5727509827124,0.3115580407978799,2.0042906027618734,591.7052051159408,-325.70520511594077,1
2022-05-17,SKU0001,STORE0001,S023,1,115,0,0,284,5,6.24,1.0,0.0,237.0,160.0,125.75,6.416666666666667,1.1645001528813148,0.3074041161280592,1.924478730541032,353.492906045917,-69.49290604591698,1
2022-05-18,SKU0001,STORE0001,S022,1,86,0,0,398,4,6.24,1.0,0.0,127.0,66.0,124.14285714285714,6.625,2.1339098923270936,0.3087605458518112,3.058154328122616,505.19470499356487,-107.19470499356488,1
2022-05-19,SKU0001,STORE0001,S008,1,126,0,0,387,4,6.24,1.0,0.0,88.0,112.0,124.85714285714286,6.333333333333333,1.3662601021279464,0.3054273182188654,3.113768050142125,347.16035462793985,39.83964537206015,0
2022-05-20,SKU0001,STORE0001,S037,0,6,0,1,409,5,6.24,1.0,0.0,90.0,49.0,125.35714285714286,6.3076923076923075,2.0568833780186058,0.3084542729455699,3.1530593927139323,485.3288974603712,-76.3288974603712,1
2022-05-21,SKU0001,STORE0001,S007,1,121,0,0,356,9,6.24,1.0,0.0,127.0,159.0,123.82142857142856,5.375,2.065879266282796,0.3105578259739097,3.024246153248698,448.43873747039953,-92.43873747039952,1
2022-05-22,SKU0001,STORE0001,S043,1,169,0,0,417,6,6.24,1.0,0.0,137.0,108.0,122.46428571428572,6.076923076923077,2.7221786146864813,0.3082406769329207,3.5684291210221915,565.7190048420639,-148.7190048420639,1
2022-05-23,SKU0001,STORE0001,S053,1,101,0,0,441,8,6.24,1.0,0.0,227.0,56.0,124.64285714285714,6.555555555555555,2.455153310442706,0.3087142855453137,3.6317347974781384,539.6582736584722,-98.65827365847224,1
2022-05-24,SKU0001,STORE0001,S048,1,159,0,0,286,4,6.24,1.0,0.0,115.0,155.0,126.25,6.6,1.764733893335115,0.3102185270687608,2.7651666351292183,370.7831984987916,-84.78319849879159,1
2022-05-25,SKU0001,STORE0001,S052,1,94,0,0,296,5,6.24,1.0,0.0,86.0,162.0,126.39285714285714,7.0,1.0690449676496974,0.3097156951286978,2.697892076504511,295.3667463057594,0.6332536942405795,0
2022-05-26,SKU0001,STORE0001,S038,1,106,0,0,420,8,6.24,1.0,0.0,126.0,87.0,123.96428571428572,6.125,2.295181287579947,0.3087086212806351,3.788625618067878,468.5915541395232,-48.59155413952317,1
2022-05-27,SKU0001,STORE0001,S015,1,124,0,0,434,8,6.24,1.0,0.0,6.0,143.0,124.64285714285714,5.888888888888889,2.0275875100994063,0.3079336690316962,4.018481310358237,414.22181372497585,19.77818627502415,0
2022-05-30,SKU0001,STORE0001,S037,1,107,0,0,399,9,6.24,1.0,0.0,101.0,176.0,125.92857142857144,6.214285714285714,2.006856379383569,0.3084542729455699,3.4269644309803473,435.653213558377,-36.65321355837699,1
2022-05-31,SKU0001,STORE0001,S027,1,89,0,0,238,11,6.24,1.0,0.0,159.0,218.0,123.46428571428572,6.111111111111111,1.90029237516523,0.307628289113354,2.029215341647513,417.4745874565928,-179.47458745659276,1
2022-06-01,SKU0001,STORE0001,S035,1,267,0,0,350,5,6.24,1.0,0.0,94.0,98.0,118.85714285714286,6.571428571428571,1.7182493859684491,0.3110709114976189,3.26228650332154,359.1338357324887,-9.133835732488706,1
2022-06-02,SKU0001,STORE0001,S029,1,187,0,0,379,7,6.24,1.0,0.0,106.0,60.0,124.89285714285714,6.818181818181818,1.7786613965666325,0.3115503492149712,2.8711903697699257,449.4321456214022,-70.43214562140219,1
2022-06-03,SKU0001,STORE0001,S006,1,245,0,0,321,11,6.24,1.0,0.0,124.0,125.0,129.42857142857142,5.7272727272727275,1.7372915179041826,0.3102734775273436,2.2358053227489956,460.92056113116666,-139.92056113116666,1
2022-06-04,SKU0001,STORE0001,S033,1,242,0,0,180,6,6.24,1.0,0.0,136.0,96.0,133.71428571428572,6.7272727272727275,1.3483997249264843,0.3108705289145506,1.1189983721237966,432.8659344541731,-252.86593445417316,1
2022-06-05,SKU0001,STORE0001,S028,1,168,0,0,400,6,6.24,1.0,0.0,95.0,159.0,138.92857142857142,7.083333333333333,2.0652243256245835,0.3083420165975531,2.272714359577502,654.9309344797299,-254.9309344797299,1
2022-06-06,SKU0001,STORE0001,S051,1,121,0,0,243,7,6.24,1.0,0.0,107.0,123.0,139.25,6.363636363636363,2.2033033051637387,0.3096633370683461,1.3034412842229963,722.3842361592344,-479.3842361592344,1
2022-06-07,SKU0001,STORE0001,S043,1,207,0,0,204,6,6.24,1.0,0.0,89.0,237.0,139.17857142857142,6.071428571428571,2.6154654156878734,0.3082406769329207,1.0826326168094635,849.0609279482493,-645.0609279482493,1
2022-06-08,SKU0001,STORE0001,S032,1,179,0,0,347,8,6.24,1.0,0.0,267.0,127.0,138.10714285714286,5.2,1.0954451150103324,0.3112641384052953,1.690318836303511,431.45888085940373,-84.45888085940373,1
2022-06-09,SKU0001,STORE0001,S005,1,200,0,0,393,3,6.24,1.0,0.0,187.0,88.0,139.96428571428572,8.4,1.8165902124584952,0.3101469645164297,2.039277779878088,642.8103297082213,-249.81032970822127,1
2022-06-10,SKU0001,STORE0001,S031,1,168,0,0,320,7,6.24,1.0,0.0,245.0,90.0,143.96428571428572,5.428571428571429,2.878491668515698,0.3111676780723122,1.644631782362352,951.6563773049902,-631.6563773049902,1
2022-06-11,SKU0001,STORE0001,S001,1,189,0,0,237,5,6.24,1.0,0.0,242.0,127.0,146.75,7.363636363636363,1.5666989036012804,0.3097174709269413,1.2910435507355211,541.6284333458442,-304.6284333458442,1
2022-06-12,SKU0001,STORE0001,S035,0,526,1,0,284,7,4.992000000000001,0.8000000000000002,0.2,168.0,137.0,148.96428571428572,6.375,1.685018016012207,0.3110709114976189,1.6136271953000267,547.0560084422508,-263.0560084422508,1
2022-06-13,SKU0001,STORE0001,S001,0,17,0,1,218,5,6.24,1.0,0.0,121.0,227.0,162.85714285714286,7.166666666666667,1.642245321798694,0.3097174709269413,0.9597442023840148,738.1079412808531,-520.1079412808531,1
2022-06-14,SKU0001,STORE0001,S042,1,219,0,0,245,6,6.24,1.0,0.0,207.0,115.0,155.35714285714286,7.6,1.1401754250991378,0.3102639347664808,1.1540995432726764,589.4500851393173,-344.45008513931725,1
2022-06-15,SKU0001,STORE0001,S020,1,238,0,0,326,10,6.24,1.0,0.0,179.0,86.0,159.07142857142858,6.666666666666667,2.6400183654090306,0.3082092919427658,1.523357367488937,1017.4573993655998,-691.4573993655998,1
2022-06-16,SKU0001,STORE0001,S040,1,173,0,0,277,8,6.24,1.0,0.0,200.0,126.0,164.5,9.0,1.7888543819998317,0.3095310466806659,1.2453380106833174,809.6328271544592,-532.6328271544592,1
2022-06-17,SKU0001,STORE0001,S010,1,176,0,0,245,5,6.24,1.0,0.0,168.0,6.0,166.17857142857142,6.0,2.1602468994692865,0.3081380225224308,1.120909904333771,869.3198337740013,-624.3198337740013,1
2022-06-18,SKU0001,STORE0001,S039,1,201,0,0,290,7,6.24,1.0,0.0,189.0,121.0,172.25,7.0,1.4770978917519928,0.3090501345727116,1.319889961489122,664.4751081361011,-374.4751081361011,1
2022-06-19,SKU0001,STORE0001,S055,1,171,0,0,224,9,6.24,1.0,0.0,526.0,169.0,175.10714285714286,6.285714285714286,2.4299715851758235,0.3126593008636436,1.011608334672037,962.237079972172,-738.237079972172,1
2022-06-20,SKU0001,STORE0001,S014,1,177,0,0,313,7,6.24,1.0,0.0,17.0,101.0,175.17857142857142,6.846153846153846,1.7246329970051526,0.3103407898821775,1.833462063402139,621.25291293524,-308.25291293524003,1
2022-06-21,SKU0001,STORE0001,S046,1,241,0,0,226,7,6.24,1.0,0.0,219.0,159.0,177.89285714285714,7.125,0.9910312089651148,0.3098725276053832,1.167521643799626,502.1556461590704,-276.1556461590704,1
2022-06-22,SKU0001,STORE0001,S011,1,135,0,0,304,10,6.24,1.0,0.0,238.0,94.0,180.82142857142856,7.0,1.7888543819998317,0.3096178624491322,1.5453806698150407,699.1548737747305,-395.1548737747305,1
2022-06-23,SKU0001,STORE0001,S049,1,126,0,0,327,4,6.24,1.0,0.0,173.0,106.0,182.28571428571428,5.2,2.7748873851023217,0.3095444907552158,1.7966934247614024,896.7665986887612,-569.7665986887612,1
2022-06-24,SKU0001,STORE0001,S054,1,221,0,0,415,9,6.24,1.0,0.0,176.0,124.0,183.0,7.4,2.6076809620810595,0.305787461747223,2.367549655380939,850.3431040460313,-435.34310404603127,1
2022-06-25,SKU0001,STORE0001,S055,1,189,0,0,402,12,6.24,1.0,0.0,201.0,136.0,186.46428571428572,6.625,2.445841952609133,0.3126593008636436,2.2122519766007573,821.1612489751556,-419.1612489751555,1
2022-06-26,SKU0001,STORE0001,S036,1,295,0,0,272,8,6.24,1.0,0.0,171.0,95.0,188.3571428571429,6.111111111111111,1.90029237516523,0.304556316101683,1.5111027160960218,665.4646755896755,-393.4646755896755,1
2022-06-27,SKU0001,STORE0001,S059,0,295,1,0,196,5,4.992000000000001,0.8000000000000002,0.2,177.0,107.0,195.5,6.25,1.7122552910761235,0.3073502992299263,0.9913244658444644,663.2716044832431,-467.2716044832431,1
2022-06-28,SKU0001,STORE0001,S046,1,145,0,0,276,3,6.24,1.0,0.0,241.0,89.0,202.21428571428572,7.111111111111111,0.927960727138337,0.3098725276053832,1.2862789587531882,504.03202215673826,-228.03202215673824,1
2022-06-29,SKU0001,STORE0001,S051,1,106,0,0,423,7,6.24,1.0,0.0,135.0,267.0,204.21428571428572,6.416666666666667,2.108783937953269,0.3096633370683461,2.1059639105637453,783.6004974468324,-360.6004974468324,1
2022-06-30,SKU0001,STORE0001,S055,1,220,0,0,312,7,6.24,1.0,0.0,126.0,187.0,198.46428571428572,7.222222222222222,2.9059326290271157,0.3126593008636436,1.5860485821785946,1017.0913082075704,-705.0913082075705,1
2022-07-01,SKU0001,STORE0001,S060,0,286,1,0,211,8,4.992000000000001,0.8000000000000002,0.2,221.0,245.0,199.6428571428571,7.2,3.03315017762062,0.3097472067067326,1.0040740798650176,1118.340457242839,-907.340457242839,1
2022-07-02,SKU0001,STORE0001,S024,0,283,1,0,233,11,4.367999999999999,0.6999999999999998,0.3,189.0,242.0,201.1071428571429,6.0,1.5275252316519468,0.3111381463742503,1.0618441191999777,655.4422284392643,-422.44222843926434,1
2022-07-03,SKU0001,STORE0001,S002,1,92,0,0,249,10,6.24,1.0,0.0,295.0,168.0,202.57142857142856,5.857142857142857,1.0690449676496974,0.3090145913461446,1.0693205612000438,540.7767428184873,-291.77674281848726,1
2022-07-04,SKU0001,STORE0001,S032,0,367,1,0,311,4,4.367999999999999,0.6999999999999998,0.3,295.0,121.0,199.8571428571429,5.666666666666667,1.505545305418162,0.3112641384052953,1.5255706524214667,618.3399409882201,-307.33994098822006,1
2022-07-05,SKU0001,STORE0001,S059,1,129,0,0,286,8,6.24,1.0,0.0,145.0,207.0,208.6428571428571,6.153846153846154,1.6756169931378433,0.3073502992299263,1.3355508012971251,706.6679791378335,-420.6679791378335,1
2022-07-06,SKU0001,STORE0001,S059,0,424,1,0,352,10,5.304,0.85,0.15,106.0,179.0,205.8571428571429,6.285714285714286,1.6837947722821909,0.3073502992299263,1.6614891231127027,708.7764730983577,-356.77647309835766,1
2022-07-08,SKU0001,STORE0001,S007,1,51,0,0,202,5,6.24,1.0,0.0,286.0,168.0,212.42857142857144,5.777777777777778,2.279132388529557,0.3105578259739097,0.82208967754201,1013.077861779993,-811.077861779993,1
2022-07-09,SKU0001,STORE0001,S039,1,237,0,0,305,6,6.24,1.0,0.0,283.0,189.0,208.25,7.0,1.414213562373095,0.3090501345727116,1.437703660656145,686.0759104083799,-381.07591040837985,1
2022-07-10,SKU0001,STORE0001,S028,1,284,0,0,212,7,6.24,1.0,0.0,92.0,526.0,209.96428571428572,7.0,2.0,0.3083420165975531,1.0312666998840172,828.3242780690457,-616.3242780690457,1
2022-07-11,SKU0001,STORE0001,S006,1,128,0,0,355,8,6.24,1.0,0.0,367.0,17.0,201.32142857142856,6.166666666666667,2.2495790852081776,0.3102734775273436,1.5235986111647588,941.8008317165708,-586.8008317165707,1
2022-07-12,SKU0001,STORE0001,S010,1,107,0,0,414,10,6.24,1.0,0.0,129.0,219.0,205.28571428571428,5.875,2.0310096011589898,0.3081380225224308,2.081886082469413,747.8889136637356,-333.8889136637356,1
2022-07-13,SKU0001,STORE0001,S038,1,191,0,0,384,8,6.24,1.0,0.0,424.0,238.0,201.28571428571428,6.333333333333333,2.23606797749979,0.3087086212806351,1.962033770630369,807.1012086389135,-423.1012086389135,1
2022-07-14,SKU0001,STORE0001,S015,1,217,0,0,212,7,6.24,1.0,0.0,139.0,173.0,199.6071428571429,6.1,2.0248456731316584,0.3079336690316962,1.3051810586918111,647.2172728149467,-435.2172728149467,1
2022-07-15,SKU0001,STORE0001,S014,1,208,0,0,421,7,6.24,1.0,0.0,51.0,176.0,201.17857142857144,6.857142857142857,1.65748386032949,0.3103407898821775,2.4255004292156337,604.0201078910475,-183.02010789104747,1
2022-07-16,SKU0001,STORE0001,S053,1,173,0,0,356,7,6.24,1.0,0.0,237.0,201.0,202.32142857142856,6.7,2.359378449224852,0.3087142855453137,1.81631726368743,847.4040891947176,-491.4040891947176,1
2022-07-18,SKU0001,STORE0001,S005,1,169,0,0,356,6,6.24,1.0,0.0,128.0,177.0,201.78571428571428,7.5,2.7386127875258306,0.3101469645164297,2.0629019533827204,871.9854788829075,-515.9854788829075,1
2022-07-19,SKU0001,STORE0001,S049,1,214,0,0,233,5,6.24,1.0,0.0,107.0,241.0,201.5,5.0,2.5298221281347035,0.3095444907552158,1.305837357196557,810.227118404438,-577.227118404438,1
2022-07-20,SKU0001,STORE0001,S013,1,196,0,0,285,3,6.24,1.0,0.0,191.0,135.0,200.53571428571428,6.142857142857143,1.3451854182690983,0.3087047329885402,1.4712313432010309,555.8595001710358,-270.85950017103585,1
2022-07-21,SKU0001,STORE0001,S018,1,182,0,0,275,8,6.24,1.0,0.0,217.0,126.0,202.71428571428572,6.5,1.51657508881031,0.3110723409070097,1.414393900986549,604.2776097072749,-329.2776097072749,1
2022-07-22,SKU0001,STORE0001,S037,1,253,0,0,273,7,6.24,1.0,0.0,208.0,221.0,204.71428571428572,6.4,2.0632844828435215,0.3084542729455699,1.4411688626078143,734.0035659398661,-461.0035659398661,1
2022-07-23,SKU0001,STORE0001,S023,1,255,0,0,253,10,6.24,1.0,0.0,173.0,189.0,205.8571428571429,6.3076923076923075,1.1821319289469756,0.3074041161280592,1.2917512456172724,518.0084536435484,-265.00845364354836,1
2022-07-24,SKU0001,STORE0001,S011,0,478,1,0,233,9,4.992000000000001,0.8000000000000002,0.2,184.0,295.0,208.21428571428572,7.428571428571429,1.9880595947760096,0.3096178624491322,1.1224997539585149,780.537978783929,-547.537978783929,1
2022-07-26,SKU0001,STORE0001,S003,1,172,0,0,243,7,6.24,1.0,0.0,214.0,145.0,208.92857142857144,6.416666666666667,1.9752253419585195,0.3112102997232034,0.9947327700997716,894.8434688639261,-651.8434688639261,1
2022-07-27,SKU0001,STORE0001,S037,1,231,0,0,214,6,6.24,1.0,0.0,196.0,106.0,209.8928571428571,6.4375,1.998958061924595,0.3084542729455699,0.8980777658606949,885.0577929477345,-671.0577929477345,1
2022-07-28,SKU0001,STORE0001,S056,1,185,0,0,344,9,6.24,1.0,0.0,182.0,220.0,214.3571428571429,7.0,3.082207001484488,0.3101551934335325,1.4139695256684206,1305.0798592442925,-961.0798592442924,1
2022-07-29,SKU0001,STORE0001,S056,1,122,0,0,402,2,6.24,1.0,0.0,253.0,286.0,213.1071428571429,7.333333333333333,2.8751811537130436,0.3101551934335325,1.6494656821455012,1232.0648990868103,-830.0648990868103,1
2022-07-30,SKU0001,STORE0001,S050,1,250,0,0,395,4,6.24,1.0,0.0,255.0,283.0,207.25,6.0,1.4142135623730951,0.3116418514693667,1.7555477531210972,652.024594053016,-257.024594053016,1
2022-07-31,SKU0001,STORE0001,S052,1,186,0,0,232,6,6.24,1.0,0.0,478.0,92.0,206.07142857142856,6.777777777777778,1.201850425154663,0.3097156951286978,1.0343902925273585,603.309248029983,-371.309248029983,1
2022-08-01,SKU0001,STORE0001,S017,1,77,0,0,259,5,6.24,1.0,0.0,132.0,367.0,209.42857142857144,6.0,2.6832815729997477,0.3056916624951722,1.41861507800818,890.3112956851048,-631.3112956851048,1
2022-08-02,SKU0001,STORE0001,S003,1,197,0,0,264,7,6.24,1.0,0.0,172.0,129.0,199.07142857142856,6.461538461538462,1.8980421761815784,0.3112102997232034,1.5110297815139242,665.3338587748716,-401.3338587748716,1
2022-08-03,SKU0001,STORE0001,S043,1,125,0,0,292,8,6.24,1.0,0.0,231.0,424.0,201.5,6.066666666666666,2.520393015460278,0.3082406769329207,1.6378113263787784,825.3100612389356,-533.3100612389356,1
2022-08-04,SKU0001,STORE0001,S004,1,205,0,0,287,7,6.24,1.0,0.0,185.0,139.0,190.82142857142856,6.857142857142857,2.6095064302514777,0.3096189678597921,1.7591836127099043,780.7554665838614,-493.75546658386145,1
2022-08-05,SKU0001,STORE0001,S053,0,278,1,0,370,8,5.304,0.85,0.15,122.0,51.0,193.17857142857144,6.7272727272727275,2.2401298663653004,0.3087142855453137,2.2289022355287016,699.0235461069283,-329.0235461069283,1
2022-08-06,SKU0001,STORE0001,S014,1,203,0,0,307,10,6.24,1.0,0.0,250.0,237.0,201.28571428571428,6.866666666666666,1.5976172734359606,0.3103407898821775,1.6304920990556195,592.0694813516193,-285.0694813516193,1
2022-08-07,SKU0001,STORE0001,S031,1,24,0,0,395,11,6.24,1.0,0.0,186.0,284.0,200.07142857142856,5.625,2.7222627143085005,0.3111676780723122,2.175440418502809,865.8908697804644,-470.8908697804644,1
2022-08-08,SKU0001,STORE0001,S056,1,162,0,0,298,8,6.24,1.0,0.0,77.0,128.0,190.78571428571428,6.571428571428571,3.309438162646486,0.3101551934335325,1.880961977697165,928.1914939107762,-630.1914939107762,1
2022-08-09,SKU0001,STORE0001,S044,1,233,0,0,405,4,6.24,1.0,0.0,197.0,107.0,192.0,6.555555555555555,1.7400510848184252,0.3084681754509043,2.3743579392750624,592.1104243595943,-187.11042435959428,1
2022-08-10,SKU0001,STORE0001,S005,0,208,1,0,195,6,5.304,0.85,0.15,125.0,191.0,196.5,7.285714285714286,2.563479777846623,0.3101469645164297,1.1097497819118105,819.1438786848624,-624.1438786848624,1
2022-08-11,SKU0001,STORE0001,S060,0,342,1,0,390,6,4.367999999999999,0.6999999999999998,0.3,205.0,217.0,197.1071428571429,7.333333333333333,2.7325202042558927,0.3097472067067326,2.0791968359650785,913.5949035006606,-523.5949035006606,1
2022-08-12,SKU0001,STORE0001,S060,1,158,0,0,344,6,6.24,1.0,0.0,278.0,208.0,201.57142857142856,7.142857142857143,2.544836041121407,0.3097472067067326,1.6606816380886438,941.9755770996844,-597.9755770996845,1
2022-08-13,SKU0001,STORE0001,S031,0,582,1,0,420,5,4.992000000000001,0.8000000000000002,0.2,203.0,173.0,199.78571428571428,6.222222222222222,3.1135902820449006,0.3111676780723122,2.2105146815016763,1033.3585623712256,-613.3585623712256,1
2022-08-14,SKU0001,STORE0001,S032,0,467,1,0,134,6,5.6160000000000005,0.9,0.1,24.0,184.0,214.3928571428571,5.428571428571429,1.5118578920369088,0.3112641384052953,0.5488567337641098,739.9902335254642,-605.9902335254642,1
2022-08-15,SKU0001,STORE0001,S024,1,194,0,0,410,6,6.24,1.0,0.0,162.0,169.0,224.5,6.625,2.2638462845343543,0.3111381463742503,1.3336387846322062,1254.7572600073856,-844.7572600073856,1
2022-08-16,SKU0001,STORE0001,S034,1,205,0,0,361,8,6.24,1.0,0.0,233.0,214.0,225.3928571428571,7.0,1.511857892036909,0.3083804457553219,1.1570475735654695,935.0942597795256,-574.0942597795257,1
2022-08-17,SKU0001,STORE0001,S036,1,146,0,0,315,7,6.24,1.0,0.0,208.0,196.0,225.07142857142856,6.3,1.8885620632287057,0.304556316101683,1.0227239521949605,1078.4767810435233,-763.4767810435233,1
2022-08-18,SKU0001,STORE0001,S023,1,176,0,0,311,9,6.24,1.0,0.0,342.0,182.0,223.28571428571428,6.571428571428571,1.5045717874984443,0.3074041161280592,1.039633582886781,898.5623041177507,-587.5623041177507,1
2022-08-19,SKU0001,STORE0001,S025,1,62,0,0,329,7,6.24,1.0,0.0,158.0,253.0,223.07142857142856,6.444444444444445,2.603416558635552,0.3052289813924146,1.1944977378194166,1284.9629990717133,-955.9629990717132,1
2022-08-20,SKU0001,STORE0001,S010,1,283,0,0,510,8,6.24,1.0,0.0,582.0,255.0,216.25,6.333333333333333,2.3452078799117144,0.3081380225224308,1.9486825104925911,1134.793117803418,-624.793117803418,1
2022-08-21,SKU0001,STORE0001,S046,1,240,0,0,266,7,6.24,1.0,0.0,467.0,478.0,217.25,6.7,1.567021236472421,0.3098725276053832,1.2146063259985114,774.546527478606,-508.546527478606,1
2022-08-22,SKU0001,STORE0001,S029,1,151,0,0,382,8,6.24,1.0,0.0,194.0,132.0,208.75,6.833333333333333,1.6966991126265962,0.3115503492149712,2.047462226465861,713.9881946470684,-331.98819464706844,1
2022-08-23,SKU0001,STORE0001,S017,1,119,0,0,252,8,6.24,1.0,0.0,205.0,172.0,209.42857142857144,5.857142857142857,2.4784787961282104,0.3056916624951722,1.3966668434933458,863.732647702962,-611.732647702962,1
2022-08-24,SKU0001,STORE0001,S035,1,91,0,0,325,5,6.24,1.0,0.0,146.0,231.0,207.53571428571428,6.444444444444445,1.5898986690282426,0.3110709114976189,1.9328687085123537,648.6234572352389,-323.6234572352389,1
2022-08-25,SKU0001,STORE0001,S001,1,177,0,0,278,5,6.24,1.0,0.0,176.0,185.0,202.53571428571428,7.0,1.683250823060346,0.3097174709269413,1.7343920314222638,672.699187944905,-394.699187944905,1
2022-08-26,SKU0001,STORE0001,S025,1,130,0,0,382,8,6.24,1.0,0.0,62.0,122.0,202.25,6.5,2.4608038433722337,0.3052289813924146,2.3811071524932617,812.8438080505624,-430.8438080505624,1
2022-08-27,SKU0001,STORE0001,S026,1,198,0,0,276,9,6.24,1.0,0.0,283.0,250.0,202.53571428571428,6.785714285714286,1.6256866681058633,0.3104833780269682,1.6221567127649124,673.9795009377821,-397.97950093778206,1
2022-08-28,SKU0001,STORE0001,S007,1,141,0,0,318,8,6.24,1.0,0.0,240.0,186.0,200.67857142857144,5.7,2.1628170930011112,0.3105578259739097,2.012645489585509,723.3180887965938,-405.31808879659377,1
2022-08-29,SKU0001,STORE0001,S005,1,199,0,0,98,7,6.24,1.0,0.0,151.0,77.0,199.07142857142856,7.125,2.416461403433896,0.3101469645164297,0.6812266448991913,766.7664067236882,-668.7664067236882,1
2022-08-30,SKU0001,STORE0001,S045,1,211,0,0,409,8,6.24,1.0,0.0,119.0,197.0,203.42857142857144,5.6,2.5099800796022267,0.3114594527853183,2.71372607006399,764.4590842939365,-355.4590842939365,1
2022-08-31,SKU0001,STORE0001,S059,1,205,0,0,390,4,6.24,1.0,0.0,91.0,125.0,203.92857142857144,6.533333333333333,1.8847761013926696,0.3073502992299263,2.380107532037729,697.8105031956029,-307.8105031956029,1
2022-09-02,SKU0001,STORE0001,S012,1,71,0,0,229,7,6.24,1.0,0.0,130.0,278.0,207.28571428571428,6.714285714285714,1.7994708216848745,0.310784030916961,1.2302313034388916,731.2632479276389,-502.2632479276389,1
2022-09-03,SKU0001,STORE0001,S058,1,129,0,0,303,8,6.24,1.0,0.0,198.0,203.0,199.8928571428571,6.4,2.073644135332772,0.3081638585098428,1.7049743289225865,772.0458221570816,-469.0458221570816,1
2022-09-04,SKU0001,STORE0001,S027,1,176,0,0,249,4,6.24,1.0,0.0,141.0,24.0,197.25,6.6,2.3664319132398464,0.307628289113354,1.4833954180698496,816.1986988582237,-567.1986988582237,1
2022-09-05,SKU0001,STORE0001,S051,1,129,0,0,269,7,6.24,1.0,0.0,199.0,162.0,202.67857142857144,6.461538461538462,2.0254787341673333,0.3096633370683461,1.5561893443591648,738.6320132095485,-469.6320132095485,1
2022-09-06,SKU0001,STORE0001,S048,1,134,0,0,331,5,6.24,1.0,0.0,211.0,233.0,201.5,6.4375,1.8246004128758344,0.3102185270687608,2.032443660433664,673.7000918364445,-342.70009183644447,1
2022-09-07,SKU0001,STORE0001,S009,1,115,0,0,315,10,6.24,1.0,0.0,205.0,208.0,197.96428571428572,7.8,1.4832396974191326,0.3124787998854249,2.074304308438232,631.9130511524801,-316.9130511524801,1
2022-09-08,SKU0001,STORE0001,S047,1,138,0,0,337,10,6.24,1.0,0.0,219.0,342.0,194.6428571428571,6.555555555555555,1.6666666666666667,0.3084207457711594,2.42444298961878,608.2064317083705,-271.2064317083705,1
2022-09-09,SKU0001,STORE0001,S003,0,275,1,0,377,10,4.367999999999999,0.6999999999999998,0.3,71.0,158.0,187.3571428571429,6.5,1.829249530860633,0.3112102997232034,2.958496962467783,597.2665162048793,-220.26651620487928,1
2022-09-10,SKU0001,STORE0001,S042,1,97,0,0,275,4,6.24,1.0,0.0,129.0,582.0,191.53571428571428,7.333333333333333,1.2110601416389966,0.3102639347664808,1.7563756435862177,581.4959126221427,-306.49591262214267,1
2022-09-11,SKU0001,STORE0001,S015,1,109,0,0,268,6,6.24,1.0,0.0,176.0,467.0,174.21428571428572,6.181818181818182,1.9400093720485896,0.3079336690316962,1.7631462950901635,586.992147509739,-318.99214750973897,1
2022-09-12,SKU0001,STORE0001,S059,1,72,0,0,258,4,6.24,1.0,0.0,129.0,194.0,161.42857142857142,6.375,1.9278658321228337,0.3073502992299263,1.8114215848033164,511.0253628435556,-253.02536284355557,1
2022-09-13,SKU0001,STORE0001,S004,1,150,0,0,401,6,6.24,1.0,0.0,134.0,205.0,157.07142857142858,6.875,2.416461403433896,0.3096189678597921,2.9861479754937994,592.7713066075795,-191.7713066075795,1
2022-09-14,SKU0001,STORE0001,S025,1,85,0,0,155,8,6.24,1.0,0.0,115.0,146.0,155.10714285714286,6.636363636363637,2.377928816122437,0.3052289813924146,1.1349289283446669,589.9296734886415,-434.9296734886414,1
2022-09-15,SKU0001,STORE0001,S038,0,27,0,1,437,4,6.24,1.0,0.0,138.0,176.0,152.92857142857142,6.5,2.173067468400883,0.3087086212806351,3.30343075160339,536.367003021506,-99.36700302150598,1
2022-09-16,SKU0001,STORE0001,S054,0,95,1,0,332,9,4.367999999999999,0.6999999999999998,0.3,275.0,62.0,147.60714285714286,7.666666666666667,2.422120283277993,0.305787461747223,2.85150925084079,549.2834499135422,-217.2834499135422,1
2022-09-17,SKU0001,STORE0001,S024,1,105,0,0,269,6,6.24,1.0,0.0,97.0,283.0,148.78571428571428,6.555555555555555,2.1278575558006176,0.3111381463742503,2.96532164212363,413.8262227329362,-144.82622273293617,1
2022-09-18,SKU0001,STORE0001,S005,0,153,1,0,173,2,5.6160000000000005,0.9,0.1,109.0,240.0,142.42857142857142,7.111111111111111,2.260776661041756,0.3101469645164297,1.883338750589029,425.19140210502405,-252.19140210502405,1
2022-09-19,SKU0001,STORE0001,S028,1,93,0,0,312,6,6.24,1.0,0.0,72.0,151.0,139.32142857142858,7.0,1.9215378456610457,0.3083420165975531,3.179006909682143,390.35732152278666,-78.35732152278666,1
2022-09-20,SKU0001,STORE0001,S021,1,120,0,0,197,9,6.24,1.0,0.0,150.0,119.0,137.25,6.666666666666667,1.5811388300841898,0.3092303186261287,1.9477208558672443,351.8612888364286,-154.86128883642863,1
2022-09-21,SKU0001,STORE0001,S032,0,84,1,0,407,7,5.6160000000000005,0.9,0.1,85.0,91.0,137.28571428571428,5.5,1.4142135623730951,0.3112641384052953,4.202021513052225,309.4501508875925,97.54984911240751,0
2022-09-22,SKU0001,STORE0001,S044,1,89,0,0,457,4,6.24,1.0,0.0,27.0,177.0,137.03571428571428,6.3,1.8287822299126937,0.3084681754509043,4.7252096359417255,369.8456922801917,87.15430771980829,0
2022-09-23,SKU0001,STORE0001,S006,1,146,0,0,394,5,6.24,1.0,0.0,95.0,130.0,133.89285714285714,6.3076923076923075,2.213015114597254,0.3102734775273436,3.732035014553313,447.840379489948,-53.84037948994796,1
2022-09-24,SKU0001,STORE0001,S011,0,147,1,0,200,9,5.6160000000000005,0.9,0.1,105.0,198.0,134.46428571428572,7.625,1.9226098333849673,0.3096178624491322,1.772136196261552,437.1255074149709,-237.1255074149709,1
2022-09-25,SKU0001,STORE0001,S008,1,141,0,0,345,4,6.24,1.0,0.0,153.0,141.0,132.64285714285714,6.0,1.5275252316519468,0.3054273182188654,2.902619809689101,369.91263350765865,-24.912633507658654,1
2022-09-26,SKU0001,STORE0001,S008,1,119,0,0,451,7,6.24,1.0,0.0,93.0,199.0,132.64285714285714,5.75,1.58113883008419,0.3054273182188654,3.849967134426901,372.1957148904634,78.80428510953658,0
2022-09-27,SKU0001,STORE0001,S036,1,110,0,0,175,7,6.24,1.0,0.0,120.0,211.0,129.78571428571428,6.363636363636363,1.8040358795061295,0.304556316101683,1.4479785628251305,420.1373380816565,-245.13733808165648,1
2022-09-28,SKU0001,STORE0001,S028,1,99,0,0,200,8,6.24,1.0,0.0,84.0,205.0,126.17857142857144,6.933333333333334,1.8695555876298773,0.3083420165975531,1.6746271263278896,427.13495929987545,-227.13495929987545,1
2022-09-29,SKU0001,STORE0001,S004,1,103,0,0,267,7,6.24,1.0,0.0,89.0,219.0,122.39285714285714,6.777777777777778,2.279132388529557,0.3096189678597921,2.196221652700859,500.66625895331543,-233.66625895331543,1
2022-09-30,SKU0001,STORE0001,S054,1,160,0,0,270,4,6.24,1.0,0.0,146.0,71.0,118.25,7.857142857142857,2.2677868380553634,0.305787461747223,2.184953416561947,504.59129117929615,-234.59129117929615,1
2022-10-01,SKU0001,STORE0001,S042,1,124,0,0,284,9,6.24,1.0,0.0,147.0,129.0,121.42857142857144,6.857142857142857,1.6761634196950514,0.3102639347664808,2.2616429675759124,394.58001594971887,-110.58001594971888,1
2022-10-02,SKU0001,STORE0001,S005,1,142,0,0,257,5,6.24,1.0,0.0,141.0,176.0,121.25,6.6,2.6749870196985173,0.3101469645164297,2.101618327887506,570.1303308548969,-313.1303308548969,1
2022-10-03,SKU0001,STORE0001,S035,0,19,1,1,276,5,4.367999999999999,0.6999999999999998,0.3,119.0,129.0,120.03571428571428,6.3,1.567021236472421,0.3110709114976189,2.254357315634528,361.5895568298651,-85.58955682986516,1
2022-10-04,SKU0001,STORE0001,S006,1,68,0,0,346,7,6.24,1.0,0.0,110.0,134.0,116.10714285714286,6.214285714285714,2.1547290184283363,0.3102734775273436,3.1994420130857444,428.98557096866034,-82.98557096866034,1
2022-10-05,SKU0001,STORE0001,S058,0,155,1,0,324,6,4.992000000000001,0.8000000000000002,0.2,99.0,115.0,113.75,6.666666666666667,1.96638416050035,0.3081638585098428,3.1719969175126956,387.1751612993928,-63.175161299392755,1
2022-10-06,SKU0001,STORE0001,S008,1,104,0,0,180,10,6.24,1.0,0.0,103.0,138.0,115.17857142857144,5.888888888888889,1.536590742882148,0.3054273182188654,1.634226407801745,338.1675732702487,-158.16757327024868,1
2022-10-07,SKU0001,STORE0001,S043,1,82,0,0,396,8,6.24,1.0,0.0,160.0,275.0,113.96428571428572,6.1875,2.482438317461282,0.3082406769329207,3.590641017503727,491.9442496660532,-95.94424966605322,1
2022-10-08,SKU0001,STORE0001,S047,1,79,0,0,230,5,6.24,1.0,0.0,124.0,97.0,107.07142857142856,6.9,1.9119507199599983,0.3084207457711594,2.3198613270471333,349.1169538482564,-119.1169538482564,1
2022-10-09,SKU0001,STORE0001,S009,1,177,0,0,341,2,6.24,1.0,0.0,142.0,109.0,106.42857142857144,8.166666666666666,1.6020819787597222,0.3124787998854249,3.677926432226463,298.49232273900594,42.50767726099406,0
2022-10-10,SKU0001,STORE0001,S056,1,167,0,0,218,6,6.24,1.0,0.0,19.0,72.0,108.85714285714286,6.75,3.1052950170405937,0.3101551934335325,2.2309713204689428,527.1915108831232,-309.1915108831232,1
2022-10-11,SKU0001,STORE0001,S043,0,233,1,0,296,4,5.304,0.85,0.15,68.0,150.0,112.25,6.294117647058823,2.443478715948661,0.3082406769329207,2.4903636628057213,506.10177949324816,-210.10177949324816,1
2022-10-12,SKU0001,STORE0001,S046,1,151,0,0,291,6,6.24,1.0,0.0,155.0,85.0,115.21428571428572,6.7272727272727275,1.489356175728901,0.3098725276053832,2.0431150433246708,399.4907537094189,-108.49075370941893,1
2022-10-13,SKU0001,STORE0001,S042,1,75,0,0,380,5,6.24,1.0,0.0,104.0,27.0,117.57142857142856,7.125,1.726888200533797,0.3102639347664808,2.6787323755018844,450.3457405831731,-70.3457405831731,1
2022-10-14,SKU0001,STORE0001,S050,0,162,1,0,152,7,5.304,0.85,0.15,82.0,95.0,119.28571428571428,5.833333333333333,1.4668044012461754,0.3116418514693667,1.1037264252230532,373.5830614975315,-221.5830614975315,1
2022-10-15,SKU0001,STORE0001,S015,0,380,1,0,371,8,4.367999999999999,0.6999999999999998,0.3,79.0,105.0,121.67857142857144,6.166666666666667,1.850470865548124,0.3079336690316962,2.487531213871171,487.9924397387783,-116.99243973877827,1
2022-10-16,SKU0001,STORE0001,S056,1,131,0,0,132,7,6.24,1.0,0.0,177.0,153.0,131.5,6.666666666666667,2.9154759474226504,0.3101551934335325,0.6869852721956093,964.6084194663288,-832.6084194663287,1
2022-10-17,SKU0001,STORE0001,S044,1,99,0,0,199,5,6.24,1.0,0.0,167.0,93.0,130.71428571428572,6.090909090909091,1.8683974659876548,0.3084681754509043,1.0723575777497734,629.7133871957982,-430.7133871957982,1
2022-10-18,SKU0001,STORE0001,S040,1,50,0,0,322,11,6.24,1.0,0.0,233.0,120.0,130.92857142857142,8.857142857142858,1.6761634196950514,0.3095310466806659,1.831021269578483,580.4127213931521,-258.4127213931521,1
2022-10-19,SKU0001,STORE0001,S055,1,130,0,0,206,9,6.24,1.0,0.0,151.0,84.0,128.42857142857142,7.2,2.7406406388125957,0.3126593008636436,1.3759450080009006,737.8694086105381,-531.8694086105381,1
2022-10-20,SKU0001,STORE0001,S039,0,131,1,0,344,9,4.992000000000001,0.8000000000000002,0.2,75.0,89.0,130.07142857142858,6.928571428571429,1.384768001357057,0.3090501345727116,2.3446773001547214,440.22513773641293,-96.22513773641292,1
2022-10-21,SKU0001,STORE0001,S060,1,163,0,0,313,6,6.24,1.0,0.0,162.0,146.0,131.57142857142858,7.0,2.390457218668787,0.3097472067067326,2.023070949679919,673.3591677153847,-360.35916771538473,1
2022-10-22,SKU0001,STORE0001,S015,1,133,0,0,310,8,6.24,1.0,0.0,380.0,147.0,132.17857142857142,6.3076923076923075,1.8432134703923733,0.3079336690316962,2.001832091490184,543.4285106126205,-233.42851061262047,1
2022-10-23,SKU0001,STORE0001,S013,1,114,0,0,341,5,6.24,1.0,0.0,131.0,141.0,131.67857142857142,5.75,1.6690459207925603,0.3087047329885402,2.8518280014384585,418.69660710564585,-77.69660710564585,1
2022-10-24,SKU0001,STORE0001,S004,1,123,0,0,290,10,6.24,1.0,0.0,99.0,119.0,130.71428571428572,6.8,2.14993539954628,0.3096189678597921,2.47558862302395,501.9027794846545,-211.9027794846545,1
2022-10-25,SKU0001,STORE0001,S012,0,181,1,0,219,4,4.367999999999999,0.6999999999999998,0.3,50.0,110.0,130.85714285714286,6.75,1.6690459207925603,0.310784030916961,1.8163356465053015,434.5584212671169,-215.5584212671169,1
2022-10-26,SKU0001,STORE0001,S021,1,75,0,0,322,5,6.24,1.0,0.0,130.0,99.0,133.39285714285714,6.9,1.66332999331662,0.3092303186261287,2.3117782744123887,477.2678248119867,-155.2678248119867,1
2022-10-27,SKU0001,STORE0001,S023,1,140,0,0,293,8,6.24,1.0,0.0,131.0,103.0,132.53571428571428,6.733333333333333,1.5796322658258457,0.3074041161280592,2.229330863786906,445.5606545216376,-152.56065452163762,1
2022-10-28,SKU0001,STORE0001,S038,0,245,1,0,493,5,5.6160000000000005,0.9,0.1,163.0,160.0,133.85714285714286,6.2727272727272725,2.195035721390843,0.3087086212806351,3.714719049479713,553.280685446144,-60.28068544614405,1
2022-10-29,SKU0001,STORE0001,S056,1,192,0,0,335,3,6.24,1.0,0.0,133.0,124.0,136.89285714285714,6.7,2.7507574714370344,0.3101551934335325,2.319469598133346,719.4557216485529,-384.45572164855287,1
2022-10-30,SKU0001,STORE0001,S048,1,143,0,0,417,6,6.24,1.0,0.0,114.0,142.0,139.32142857142858,6.352941176470588,1.8007351439963426,0.3102185270687608,2.72801953632079,539.7725554797684,-122.77255547976836,1
2022-10-31,SKU0001,STORE0001,S033,1,71,0,0,405,10,6.24,1.0,0.0,123.0,19.0,139.35714285714286,6.666666666666667,1.3026778945578592,0.3108705289145506,2.579601403812714,450.7407869098679,-45.74078690986795,1
2022-11-01,SKU0001,STORE0001,S050,1,68,0,0,238,7,6.24,1.0,0.0,181.0,68.0,141.21428571428572,5.923076923076923,1.4411533842457842,0.3116418514693667,1.5912023510826574,447.112715347051,-209.112715347051,1
2022-11-02,SKU0001,STORE0001,S032,1,103,0,0,336,9,6.24,1.0,0.0,75.0,155.0,141.21428571428572,5.666666666666667,1.4142135623730951,0.3112641384052953,2.5181824119091187,408.86621271954976,-72.86621271954976,1
2022-11-03,SKU0001,STORE0001,S038,1,124,0,0,254,8,6.24,1.0,0.0,140.0,104.0,139.35714285714286,6.166666666666667,2.1248885888797826,0.3087086212806351,1.8482193996509384,556.168858259245,-302.168858259245,1
2022-11-04,SKU0001,STORE0001,S047,1,132,0,0,380,9,6.24,1.0,0.0,245.0,82.0,140.07142857142858,6.7272727272727275,1.9021518914592015,0.3084207457711594,2.811818517199133,513.208019373879,-133.20801937387898,1
2022-11-05,SKU0001,STORE0001,S059,0,182,1,0,331,3,5.6160000000000005,0.9,0.1,192.0,79.0,141.85714285714286,6.235294117647059,1.9535036397683612,0.3073502992299263,2.781489231182931,471.5538011993915,-140.5538011993915,1
2022-11-06,SKU0001,STORE0001,S009,1,131,0,0,382,7,6.24,1.0,0.0,143.0,177.0,145.53571428571428,7.285714285714286,2.7516228977511745,0.3124787998854249,3.2490610650942213,608.9758241540911,-226.97582415409113,1
2022-11-07,SKU0001,STORE0001,S004,1,98,0,0,249,5,6.24,1.0,0.0,71.0,167.0,143.89285714285714,7.090909090909091,2.256304299271065,0.3096189678597921,2.1491799700865712,518.6977424625196,-269.6977424625196,1
2022-11-08,SKU0001,STORE0001,S028,0,53,0,1,405,9,6.24,1.0,0.0,68.0,233.0,141.42857142857142,7.0,1.8257418583505536,0.3083420165975531,3.3830266334290764,461.50865838975056,-56.508658389750565,1
2022-11-09,SKU0001,STORE0001,S051,0,116,1,0,356,6,4.367999999999999,0.6999999999999998,0.3,103.0,151.0,135.0,6.5,1.9513309067639728,0.3096633370683461,3.0279207831768136,468.1609268965729,-112.1609268965729,1
2022-11-10,SKU0001,STORE0001,S010,1,51,0,0,294,7,6.24,1.0,0.0,124.0,75.0,133.75,6.5,2.273030282830976,0.3081380225224308,2.4617018757019977,525.8788358083118,-231.8788358083118,1
2022-11-11,SKU0001,STORE0001,S015,1,99,0,0,361,5,6.24,1.0,0.0,132.0,162.0,132.89285714285714,6.428571428571429,1.8277470669267504,0.3079336690316962,3.311896221135586,430.4994896964741,-69.49948969647409,1
2022-11-12,SKU0001,STORE0001,S008,1,114,0,0,358,7,6.24,1.0,0.0,182.0,380.0,130.64285714285714,6.3,1.9465068427541912,0.3054273182188654,3.432843794648544,433.6039677893332,-75.60396778933318,1
2022-11-13,SKU0001,STORE0001,S051,1,92,0,0,240,6,6.24,1.0,0.0,131.0,131.0,121.14285714285714,6.466666666666667,1.88477610139267,0.3096633370683461,2.537737516370673,349.74534937456286,-109.74534937456286,1
2022-11-14,SKU0001,STORE0001,S019,1,63,0,0,327,6,6.24,1.0,0.0,98.0,99.0,119.75,6.777777777777778,2.223610677354389,0.3086162017218525,3.6741160211683015,380.32946289660777,-53.329462896607765,1
2022-11-15,SKU0001,STORE0001,S053,0,89,1,0,452,6,5.6160000000000005,0.9,0.1,53.0,50.0,118.46428571428572,6.833333333333333,2.1672493389016636,0.3087142855453137,5.380888322758062,361.18514100985584,90.81485899014416,0
2022-11-16,SKU0001,STORE0001,S043,1,80,0,0,366,6,6.24,1.0,0.0,116.0,130.0,119.85714285714286,6.166666666666667,2.431412080640045,0.3082406769329207,4.1057231729772266,402.2304878277319,-36.230487827731906,1
2022-11-17,SKU0001,STORE0001,S022,1,127,0,0,393,6,6.24,1.0,0.0,51.0,131.0,118.07142857142856,6.333333333333333,2.1794494717703365,0.3087605458518112,4.678515731955572,356.2978168967594,36.7021831032406,0
2022-11-18,SKU0001,STORE0001,S039,1,121,0,0,360,7,6.24,1.0,0.0,99.0,163.0,117.92857142857144,7.066666666666666,1.4375905768565214,0.3090501345727116,3.795140713878016,300.6633618119347,59.33663818806531,0
2022-11-19,SKU0001,STORE0001,S028,1,169,0,0,180,9,6.24,1.0,0.0,114.0,133.0,116.42857142857144,7.117647058823529,1.8331105033922692,0.3083420165975531,1.836715951878042,355.56105822200146,-175.56105822200146,1
2022-11-20,SKU0001,STORE0001,S036,0,91,1,0,244,7,4.367999999999999,0.6999999999999998,0.3,92.0,114.0,117.71428571428572,6.416666666666667,1.729862492345632,0.304556316101683,2.304971478002232,357.2630587781459,-113.26305877814588,1
2022-11-21,SKU0001,STORE0001,S043,1,38,0,0,327,3,6.24,1.0,0.0,63.0,123.0,116.89285714285714,6.157894736842105,2.363217154989661,0.3082406769329207,3.0932139831109704,453.0137836016204,-126.0137836016204,1
2022-11-22,SKU0001,STORE0001,S045,1,87,0,0,222,6,6.24,1.0,0.0,89.0,181.0,113.85714285714286,6.0,2.449489742783178,0.3114594527853183,2.173405295332773,456.519108279697,-234.51910827969695,1
2022-11-23,SKU0001,STORE0001,S033,1,143,0,0,217,5,6.24,1.0,0.0,80.0,75.0,110.5,6.923076923076923,1.5525000516123697,0.3108705289145506,2.1304138669045325,330.21659610832523,-113.21659610832523,1
2022-11-24,SKU0001,STORE0001,S045,1,79,0,0,174,3,6.24,1.0,0.0,127.0,140.0,112.92857142857144,6.0,2.23606797749979,0.3114594527853183,1.569573470342407,450.07427516273935,-276.07427516273935,1
2022-11-25,SKU0001,STORE0001,S039,0,237,1,0,202,8,5.6160000000000005,0.9,0.1,121.0,245.0,110.75,7.0625,1.3889444433333775,0.3090501345727116,1.9422890164517648,313.9052389563939,-111.90523895639387,1
2022-11-26,SKU0001,STORE0001,S055,1,93,0,0,260,6,6.24,1.0,0.0,169.0,192.0,110.46428571428572,7.363636363636363,2.656039430156385,0.3126593008636436,2.156380219595335,566.7151207117798,-306.71512071177983,1
2022-11-27,SKU0001,STORE0001,S053,1,102,0,0,311,5,6.24,1.0,0.0,91.0,143.0,106.92857142857144,6.769230769230769,2.0878156908535677,0.3087142855453137,2.8346095803814286,420.53932959257264,-109.53932959257264,1
2022-11-28,SKU0001,STORE0001,S007,0,185,1,0,358,8,4.992000000000001,0.8000000000000002,0.2,38.0,71.0,105.46428571428572,5.909090909090909,2.165850662190053,0.3105578259739097,3.2169158942089093,432.4917968816262,-74.49179688162621,1
2022-11-29,SKU0001,STORE0001,S055,1,40,0,0,298,6,6.24,1.0,0.0,87.0,68.0,109.53571428571428,7.25,2.5628464289109907,0.3126593008636436,2.252682755097964,593.1125927795225,-295.1125927795225,1
2022-11-30,SKU0001,STORE0001,S002,1,103,0,0,299,6,6.24,1.0,0.0,143.0,103.0,108.53571428571428,6.375,1.7677669529663689,0.3090145913461446,2.3810959412154853,412.6773240248965,-113.67732402489644,1
2022-12-01,SKU0001,STORE0001,S057,1,61,0,0,238,6,6.24,1.0,0.0,79.0,124.0,108.53571428571428,6.0,2.6726124191242437,0.3115580407978799,1.9856806915794505,559.8085360133767,-321.80853601337674,1
2022-12-02,SKU0001,STORE0001,S038,0,224,1,0,369,10,4.367999999999999,0.6999999999999998,0.3,237.0,132.0,106.28571428571428,6.3076923076923075,2.097006413303473,0.3087086212806351,3.1461363910417326,449.0539477500744,-80.05394775007443,1
2022-12-03,SKU0001,STORE0001,S046,0,369,1,0,189,6,4.992000000000001,0.8000000000000002,0.2,93.0,182.0,109.57142857142856,6.666666666666667,1.4354811251305466,0.3098725276053832,1.6373620525564754,349.97142435987627,-160.97142435987627,1
2022-12-04,SKU0001,STORE0001,S025,0,224,1,0,304,6,4.992000000000001,0.8000000000000002,0.2,102.0,131.0,116.25,6.75,2.3011854652449344,0.3052289813924146,1.9630869542355351,659.8828458681479,-355.8828458681479,1
2022-12-05,SKU0001,STORE0001,S041,1,158,0,0,440,12,6.24,1.0,0.0,185.0,98.0,119.57142857142856,5.75,2.1213203435596424,0.3104917496182471,2.553882357233416,668.2056787323314,-228.20567873233145,1
2022-12-06,SKU0001,STORE0001,S007,0,270,1,0,307,6,4.367999999999999,0.6999999999999998,0.3,40.0,53.0,121.71428571428572,6.083333333333333,2.151461800448216,0.3105578259739097,1.8227203061559432,667.5999059108423,-360.59990591084227,1
2022-12-07,SKU0001,STORE0001,S037,1,120,0,0,277,3,6.24,1.0,0.0,103.0,116.0,129.46428571428572,6.411764705882353,1.9383892646154617,0.3084542729455699,1.3761464634313385,719.3668301238164,-442.3668301238164,1
2022-12-08,SKU0001,STORE0001,S049,1,61,0,0,238,7,6.24,1.0,0.0,61.0,51.0,129.60714285714286,5.0,2.309401076758503,0.3095444907552158,1.168297210322249,826.3624388102115,-588.3624388102115,1
2022-12-09,SKU0001,STORE0001,S026,1,104,0,0,381,6,6.24,1.0,0.0,224.0,99.0,129.96428571428572,6.933333333333334,1.667618775665584,0.3104833780269682,1.8702572988772144,651.5513239436708,-270.5513239436708,1
2022-12-10,SKU0001,STORE0001,S056,1,158,0,0,302,5,6.24,1.0,0.0,369.0,114.0,130.14285714285714,6.363636363636363,2.8380531098880892,0.3101551934335325,1.6186743256353142,929.7200217796534,-627.7200217796534,1
2022-12-11,SKU0001,STORE0001,S036,1,180,0,0,343,6,6.24,1.0,0.0,224.0,92.0,131.71428571428572,6.461538461538462,1.6641005886756872,0.304556316101683,2.1926800467942216,536.0991885103978,-193.09918851039777,1
2022-12-12,SKU0001,STORE0001,S004,1,62,0,0,161,7,6.24,1.0,0.0,158.0,63.0,134.85714285714286,6.916666666666667,2.2343733444579588,0.3096189678597921,1.0723049418319763,645.6783041919961,-484.67830419199606,1
2022-12-13,SKU0001,STORE0001,S019,1,58,0,0,230,10,6.24,1.0,0.0,270.0,89.0,134.82142857142858,6.7,2.110818693198342,0.3086162017218525,1.6858515173187214,576.9871335600062,-346.9871335600062,1
2022-12-14,SKU0001,STORE0001,S023,1,119,0,0,400,6,6.24,1.0,0.0,120.0,80.0,133.71428571428572,6.8125,1.558578412100805,0.3074041161280592,3.768470552767336,431.3147909509593,-31.31479095095932,1
2022-12-15,SKU0001,STORE0001,S002,0,220,1,0,342,2,4.367999999999999,0.6999999999999998,0.3,61.0,127.0,135.10714285714286,6.333333333333333,1.6583123951777,0.3090145913461446,3.2263846567485213,431.3504089341964,-89.35040893419637,1
2022-12-16,SKU0001,STORE0001,S023,1,121,0,0,337,10,6.24,1.0,0.0,104.0,121.0,138.42857142857142,6.764705882352941,1.5218989685876771,0.3074041161280592,2.618181656746285,466.920338906198,-129.92033890619803,1
2022-12-17,SKU0001,STORE0001,S011,1,190,0,0,415,7,6.24,1.0,0.0,158.0,169.0,138.42857142857142,7.777777777777778,1.855921454276674,0.3096178624491322,3.1644638875302693,540.2100737904108,-125.21007379041076,1
2022-12-18,SKU0001,STORE0001,S006,1,155,0,0,63,7,6.24,1.0,0.0,180.0,91.0,139.17857142857142,6.266666666666667,2.086236073022646,0.3102734775273436,0.4642071058423779,569.6583492138434,-506.6583492138434,1
2022-12-19,SKU0001,STORE0001,S005,1,65,0,0,346,5,6.24,1.0,0.0,62.0,38.0,141.46428571428572,6.454545454545454,2.5831622621754273,0.3101469645164297,2.618358563773031,652.0938001844103,-306.09380018441027,1
2022-12-20,SKU0001,STORE0001,S010,1,146,0,0,403,8,6.24,1.0,0.0,58.0,87.0,142.42857142857142,6.545454545454546,2.1616492020508953,0.3081380225224308,3.039847759769053,574.3588989615522,-171.3588989615522,1
2022-12-21,SKU0001,STORE0001,S049,0,171,1,0,259,9,4.992000000000001,0.8000000000000002,0.2,119.0,143.0,144.53571428571428,5.25,2.2519832529192065,0.3095444907552158,1.784436524551504,611.9183455795362,-352.9183455795362,1
2022-12-22,SKU0001,STORE0001,S004,1,111,0,0,357,8,6.24,1.0,0.0,220.0,79.0,145.53571428571428,6.923076923076923,2.1393744592574433,0.3096189678597921,2.3398723042077436,633.0431407816212,-276.0431407816212,1
2022-12-23,SKU0001,STORE0001,S054,0,165,1,0,252,7,5.6160000000000005,0.9,0.1,121.0,237.0,146.67857142857142,7.375,2.5035688811888406,0.305787461747223,1.839402632097576,660.1175046378604,-408.1175046378604,1
2022-12-24,SKU0001,STORE0001,S014,1,107,0,0,396,4,6.24,1.0,0.0,190.0,93.0,144.10714285714286,7.0625,1.7308475765743596,0.3103407898821775,2.7636895854166523,521.8556489172207,-125.85564891722072,1
2022-12-25,SKU0001,STORE0001,S051,1,117,0,0,353,5,6.24,1.0,0.0,155.0,102.0,144.60714285714286,6.4375,1.8246004128758344,0.3096633370683461,2.685849129408798,501.35219986414785,-148.35219986414785,1
2022-12-26,SKU0001,STORE0001,S028,0,205,1,0,299,4,4.992000000000001,0.8000000000000002,0.2,65.0,185.0,145.14285714285714,7.222222222222222,1.8328876463610655,0.3083420165975531,2.372997039706034,500.779646808495,-201.77964680849493,1
2022-12-27,SKU0001,STORE0001,S001,1,113,0,0,325,9,6.24,1.0,0.0,146.0,40.0,145.85714285714286,6.857142857142857,1.70326125450528,0.3097174709269413,2.2260121506017083,519.5832180722881,-194.5832180722881,1
2022-12-28,SKU0001,STORE0001,S034,1,79,0,0,308,6,6.24,1.0,0.0,171.0,103.0,148.46428571428572,7.111111111111111,1.452966314513558,0.3083804457553219,2.179964348078426,461.1977504179221,-153.19775041792212,1
2022-12-29,SKU0001,STORE0001,S008,1,80,0,0,266,7,6.24,1.0,0.0,111.0,61.0,147.60714285714286,6.363636363636363,1.8586407545691703,0.3054273182188654,2.0757920506751897,493.8296787771635,-227.82967877716356,1
2022-12-30,SKU0001,STORE0001,S026,1,132,0,0,144,11,6.24,1.0,0.0,165.0,224.0,148.28571428571428,6.875,1.6278820596099708,0.3104833780269682,1.1639628778982156,452.7691451897805,-308.7691451897805,1
2022-12-31,SKU0001,STORE0001,S051,1,179,0,0,256,9,6.24,1.0,0.0,107.0,369.0,145.0,6.352941176470588,1.8007351439963428,0.3096633370683461,2.151242426534231,456.8537597661862,-200.85375976618624,1
2023-01-01,SKU0001,STORE0001,S018,1,143,0,0,242,9,6.24,1.0,0.0,117.0,224.0,138.21428571428572,6.714285714285714,1.4960264830861911,0.3110723409070097,1.8718087263413432,395.2815882429731,-153.28158824297316,1
2023-01-02,SKU0001,STORE0001,S050,0,180,1,0,243,6,5.304,0.85,0.15,205.0,158.0,135.32142857142858,6.0,1.4142135623730951,0.3116418514693667,1.827053931925324,374.6328600395708,-131.6328600395708,1
2023-01-03,SKU0001,STORE0001,S007,1,102,0,0,256,3,6.24,1.0,0.0,113.0,270.0,136.10714285714286,6.076923076923077,2.05999751057853,0.3105578259739097,1.977909662949624,488.9080223017382,-232.90802230173813,1
2023-01-04,SKU0001,STORE0001,S045,0,162,1,0,221,6,5.6160000000000005,0.9,0.1,79.0,120.0,130.10714285714286,5.625,2.326094212561969,0.3114594527853183,1.7284781012885932,522.3414612818531,-301.34146128185307,1
2023-01-05,SKU0001,STORE0001,S057,0,291,1,0,348,7,4.367999999999999,0.6999999999999998,0.3,80.0,61.0,131.60714285714286,6.0,2.5,0.3115580407978799,2.490779718345574,605.6641227333237,-257.66412273332367,1
2023-01-06,SKU0001,STORE0001,S036,1,66,0,0,329,10,6.24,1.0,0.0,132.0,104.0,139.82142857142858,6.428571428571429,1.6035674514745462,0.304556316101683,1.9369103798379657,501.1517332826759,-172.15173328267588,1
2023-01-07,SKU0001,STORE0001,S050,0,283,1,0,406,7,4.992000000000001,0.8000000000000002,0.2,179.0,158.0,138.46428571428572,6.0,1.362770287738494,0.3116418514693667,2.530705507623728,422.50846703006937,-16.50846703006937,1
2023-01-08,SKU0001,STORE0001,S001,1,80,0,0,301,6,6.24,1.0,0.0,143.0,180.0,142.92857142857142,7.0,1.732050807568877,0.3097174709269413,1.7171866175172594,566.9891475163881,-265.98914751638813,1
2023-01-09,SKU0001,STORE0001,S017,1,106,0,0,281,6,6.24,1.0,0.0,180.0,62.0,139.35714285714286,6.125,2.416461403433896,0.3056916624951722,1.6898523806128314,708.991770253786,-427.99177025378594,1
2023-01-10,SKU0001,STORE0001,S017,1,98,0,0,270,6,6.24,1.0,0.0,102.0,58.0,140.92857142857142,6.111111111111111,2.2607766610417563,0.3056916624951722,1.7339338187736408,630.3161583495767,-360.31615834957665,1
2023-01-11,SKU0001,STORE0001,S048,0,265,1,0,331,8,5.6160000000000005,0.9,0.1,162.0,119.0,142.35714285714286,6.333333333333333,1.7489492643904123,0.3102185270687608,2.1335037435301984,509.1854432174659,-178.1854432174659,1
2023-01-12,SKU0001,STORE0001,S051,1,129,0,0,408,8,6.24,1.0,0.0,291.0,220.0,147.57142857142858,6.5,1.855040827202527,0.3096633370683461,2.4020043616227658,582.8179882145495,-174.81798821454947,1
2023-01-13,SKU0001,STORE0001,S052,1,87,0,0,380,8,6.24,1.0,0.0,66.0,121.0,144.32142857142858,6.7,1.1595018087284057,0.3097156951286978,2.590050505984866,383.1319871748034,-3.1319871748033847,1
2023-01-14,SKU0001,STORE0001,S027,1,151,0,0,122,3,6.24,1.0,0.0,283.0,190.0,143.10714285714286,6.363636363636363,2.377928816122437,0.307628289113354,0.8148800532820868,641.3889591133053,-519.3889591133053,1
2023-01-15,SKU0001,STORE0001,S054,0,56,0,1,307,6,6.24,1.0,0.0,80.0,155.0,141.71428571428572,7.333333333333333,2.345207879911715,0.305787461747223,2.346051940651108,575.510458246434,-268.51045824643404,1
2023-01-16,SKU0001,STORE0001,S003,0,331,1,0,315,5,5.304,0.85,0.15,106.0,65.0,138.17857142857142,6.733333333333333,1.9808608037440496,0.3112102997232034,2.471953695430641,496.7715332939085,-181.77153329390848,1
2023-01-17,SKU0001,STORE0001,S057,1,31,0,0,246,8,6.24,1.0,0.0,98.0,146.0,147.67857142857142,6.1,2.378141197564929,0.3115580407978799,1.541619703368018,690.2921132469713,-444.2921132469713,1
2023-01-18,SKU0001,STORE0001,S035,1,68,0,0,333,2,6.24,1.0,0.0,265.0,171.0,143.57142857142858,6.181818181818182,1.5374122295716146,0.3110709114976189,2.219985200098666,488.4181892794817,-155.41818927948168,1
2023-01-19,SKU0001,STORE0001,S045,1,92,0,0,467,8,6.24,1.0,0.0,129.0,111.0,139.89285714285714,5.666666666666667,2.179449471770337,0.3114594527853183,3.8323249398891215,529.7126336637995,-62.712633663799465,1
2023-01-20,SKU0001,STORE0001,S005,1,166,0,0,343,9,6.24,1.0,0.0,87.0,165.0,139.21428571428572,6.333333333333333,2.49848438906955,0.3101469645164297,2.9423767198075508,575.1995178200808,-232.1995178200808,1
2023-01-21,SKU0001,STORE0001,S045,0,191,1,0,271,7,5.304,0.85,0.15,151.0,107.0,139.25,5.9,2.183269719175042,0.3114594527853183,2.1195364952452884,552.4955421384939,-281.4955421384939,1
2023-01-22,SKU0001,STORE0001,S040,1,20,0,0,207,6,6.24,1.0,0.0,56.0,117.0,142.25,9.125,1.726888200533797,0.3095310466806659,1.549721018131415,538.6336566077708,-331.63365660777083,1
2023-01-23,SKU0001,STORE0001,S032,0,235,1,0,356,8,5.304,0.85,0.15,331.0,205.0,138.78571428571428,6.0,1.699673171197595,0.3112641384052953,2.771947270710907,483.425526417293,-127.42552641729291,1
2023-01-24,SKU0001,STORE0001,S059,1,113,0,0,78,5,6.24,1.0,0.0,31.0,113.0,139.85714285714286,6.055555555555555,2.0428417986665255,0.3073502992299263,0.6799442595145497,507.35091621396634,-429.35091621396634,1
2023-01-25,SKU0001,STORE0001,S007,1,134,0,0,383,7,6.24,1.0,0.0,68.0,79.0,139.85714285714286,5.857142857142857,2.14322341192107,0.3105578259739097,3.0293545700768467,551.5886344316281,-168.5886344316281,1
2023-01-26,SKU0001,STORE0001,S017,1,56,0,0,274,7,6.24,1.0,0.0,92.0,80.0,141.82142857142858,6.1,2.1317702607092643,0.3056916624951722,2.016809550297737,578.5493707924181,-304.54937079241813,1
2023-01-27,SKU0001,STORE0001,S003,0,240,1,0,366,5,5.6160000000000005,0.9,0.1,166.0,132.0,140.96428571428572,6.625,1.9621416870348585,0.3112102997232034,2.7999785793988456,544.9418738628342,-178.9418738628342,1
2023-01-28,SKU0001,STORE0001,S052,1,140,0,0,320,7,6.24,1.0,0.0,191.0,179.0,144.82142857142858,6.818181818181818,1.1677484162422844,0.3097156951286978,2.2648980239775858,449.23973071235616,-129.23973071235616,1
2023-01-29,SKU0001,STORE0001,S050,1,163,0,0,391,8,6.24,1.0,0.0,20.0,143.0,143.42857142857142,6.0625,1.3400870618483465,0.3116418514693667,2.917888672472593,447.8960855980411,-56.89608559804111,1
2023-01-30,SKU0001,STORE0001,S036,1,103,0,0,445,6,6.24,1.0,0.0,235.0,180.0,144.14285714285714,6.666666666666667,1.7994708216848747,0.304556316101683,2.8815724597528045,578.403925023568,-133.40392502356804,1
2023-01-31,SKU0001,STORE0001,S054,1,33,0,0,344,3,6.24,1.0,0.0,113.0,102.0,141.39285714285714,7.2,2.250925735484551,0.305787461747223,2.537389081429325,622.8382100906942,-278.83821009069425,1
2023-02-01,SKU0001,STORE0001,S016,1,122,0,0,332,8,6.24,1.0,0.0,134.0,162.0,138.92857142857142,6.5,1.5118578920369088,0.3096568195019532,2.674316777655416,473.0832001175683,-141.0832001175683,1
2023-02-02,SKU0001,STORE0001,S018,1,104,0,0,251,5,6.24,1.0,0.0,56.0,291.0,137.5,7.0,1.6035674514745464,0.3110723409070097,2.0501582834212555,492.40379717050337,-241.40379717050337,1
2023-02-03,SKU0001,STORE0001,S028,1,66,0,0,218,6,6.24,1.0,0.0,240.0,66.0,130.82142857142858,7.052631578947368,1.928548222268252,0.3083420165975531,1.6861748030678216,539.4144426450144,-321.41444264501445,1
2023-02-04,SKU0001,STORE0001,S037,1,110,0,0,381,7,6.24,1.0,0.0,140.0,283.0,130.82142857142858,6.222222222222222,2.0452399702596544,0.3084542729455699,3.6483918758643896,481.22581887202944,-100.22581887202944,1
2023-02-05,SKU0001,STORE0001,S021,0,270,1,0,260,5,4.992000000000001,0.8000000000000002,0.2,163.0,80.0,124.64285714285714,6.7272727272727275,1.6787441193290351,0.3092303186261287,2.596265087224521,420.6026330338007,-160.6026330338007,1
2023-02-06,SKU0001,STORE0001,S017,1,89,0,0,352,7,6.24,1.0,0.0,103.0,106.0,131.42857142857142,6.181818181818182,2.0404990476930793,0.3056916624951722,3.049478531745393,503.9968851539642,-151.99688515396417,1
2023-02-07,SKU0001,STORE0001,S018,1,115,0,0,281,8,6.24,1.0,0.0,33.0,98.0,130.82142857142858,6.777777777777778,1.6414763002993509,0.3110723409070097,2.4773081345630454,456.14817808356224,-175.14817808356224,1
2023-02-08,SKU0001,STORE0001,S037,1,169,0,0,263,6,6.24,1.0,0.0,122.0,265.0,131.42857142857142,6.2631578947368425,1.9956092153402376,0.3084542729455699,2.1015813800574654,523.762443830342,-260.762443830342,1
2023-02-09,SKU0001,STORE0001,S057,1,87,0,0,155,9,6.24,1.0,0.0,104.0,129.0,128.0,6.2727272727272725,2.3276988246295565,0.3115580407978799,1.175505711224292,592.0767151410745,-437.0767151410745,1
2023-02-10,SKU0001,STORE0001,S023,1,96,0,0,141,4,6.24,1.0,0.0,66.0,87.0,126.5,6.944444444444445,1.6617574758359694,0.3074041161280592,1.0893955565464726,480.8713447838834,-339.87134478388333,1
2023-02-11,SKU0001,STORE0001,S002,1,112,0,0,96,8,6.24,1.0,0.0,110.0,151.0,126.82142857142856,5.9,2.0789954839350235,0.3090145913461446,0.7179433487142723,547.2446817375671,-451.24468173756713,1
2023-02-12,SKU0001,STORE0001,S053,0,203,1,0,351,8,5.6160000000000005,0.9,0.1,270.0,56.0,125.42857142857144,6.642857142857143,2.060886398434602,0.3087142855453137,2.619383437437034,554.6597984010771,-203.65979840107707,1
2023-02-13,SKU0001,STORE0001,S026,0,126,1,0,274,10,5.6160000000000005,0.9,0.1,89.0,331.0,130.67857142857142,7.117647058823529,1.8668942438303944,0.3104833780269682,2.2020488928332376,504.3633030302437,-230.36330303024369,1
2023-02-14,SKU0001,STORE0001,S001,1,132,0,0,288,7,6.24,1.0,0.0,115.0,31.0,123.35714285714286,6.9375,1.6918924315688628,0.3097174709269413,2.220247200737439,454.7237246906699,-166.72372469066988,1
2023-02-15,SKU0001,STORE0001,S038,1,107,0,0,220,5,6.24,1.0,0.0,169.0,68.0,126.96428571428572,6.571428571428571,2.2434275189912047,0.3087086212806351,1.664852265982852,552.3378177751255,-332.3378177751255,1
2023-02-16,SKU0001,STORE0001,S044,1,115,0,0,450,7,6.24,1.0,0.0,87.0,92.0,128.35714285714286,6.0,1.809068067466581,0.3084681754509043,3.650028331172285,440.0231384222184,9.976861577781564,0
2023-02-17,SKU0001,STORE0001,S052,0,239,1,0,398,8,5.304,0.85,0.15,96.0,166.0,129.17857142857142,6.833333333333333,1.1146408580454252,0.3097156951286978,3.126799228288891,346.8107825819546,51.189217418045416,0
2023-02-18,SKU0001,STORE0001,S055,1,160,0,0,228,9,6.24,1.0,0.0,112.0,191.0,131.78571428571428,7.153846153846154,2.4781092875467863,0.3126593008636436,1.5435098601846988,664.0259939251778,-436.0259939251778,1
2023-02-19,SKU0001,STORE0001,S048,1,117,0,0,217,6,6.24,1.0,0.0,203.0,20.0,130.67857142857142,6.421052631578948,1.7421503147829251,0.3102185270687608,1.4038726181993275,513.7887636390013,-296.78876363900133,1
2023-02-20,SKU0001,STORE0001,S022,1,82,0,0,322,8,6.24,1.0,0.0,126.0,235.0,134.14285714285714,6.3,2.0575065816014617,0.3087605458518112,2.2630363039617194,539.2181748151859,-217.21817481518588,1
2023-02-21,SKU0001,STORE0001,S054,1,161,0,0,84,6,6.24,1.0,0.0,132.0,113.0,128.67857142857142,6.818181818181818,2.4826671874490875,0.305787461747223,0.6176425173344313,605.657866836314,-521.657866836314,1
2023-02-22,SKU0001,STORE0001,S059,1,65,0,0,208,10,6.24,1.0,0.0,107.0,134.0,130.39285714285714,6.0,2.0,0.3073502992299263,1.4841892055816115,513.7983580945081,-305.7983580945081,1
2023-02-23,SKU0001,STORE0001,S059,1,145,0,0,198,6,6.24,1.0,0.0,115.0,56.0,127.92857142857144,6.2,2.1423056934551905,0.3073502992299263,1.4760273352594817,528.3693412922248,-330.3693412922248,1
2023-02-24,SKU0001,STORE0001,S033,0,163,1,0,328,8,4.367999999999999,0.6999999999999998,0.3,239.0,240.0,131.10714285714286,6.785714285714286,1.5776599725577718,0.3108705289145506,2.369435927707437,431.0320015188301,-103.03200151883004,1
2023-02-25,SKU0001,STORE0001,S003,1,65,0,0,212,7,6.24,1.0,0.0,160.0,140.0,128.35714285714286,6.529411764705882,1.940285000290664,0.3112102997232034,1.6618010833061778,461.9000460316167,-249.90004603161668,1
2023-02-26,SKU0001,STORE0001,S027,1,105,0,0,242,8,6.24,1.0,0.0,117.0,163.0,125.67857142857144,6.083333333333333,2.466441431158124,0.307628289113354,2.122788396593012,510.7463803369357,-268.7463803369357,1
2023-02-27,SKU0001,STORE0001,S053,0,103,1,0,366,9,5.304,0.85,0.15,82.0,103.0,123.60714285714286,6.733333333333333,2.016597794967223,0.3087142855453137,3.259512955991486,435.14599013485366,-69.14599013485366,1
2023-02-28,SKU0001,STORE0001,S009,1,113,0,0,247,7,6.24,1.0,0.0,161.0,33.0,123.60714285714286,7.25,2.549509756796392,0.3124787998854249,2.14248451376506,537.3799858272819,-290.37998582728187,1
2023-03-01,SKU0001,STORE0001,S045,1,136,0,0,292,8,6.24,1.0,0.0,65.0,122.0,126.46428571428572,6.0,2.0976176963403033,0.3114594527853183,2.6929922912436908,424.428065471882,-132.428065471882,1
2023-03-02,SKU0001,STORE0001,S030,1,166,0,0,408,8,6.24,1.0,0.0,145.0,104.0,126.96428571428572,5.8,0.8366600265340756,0.3091998150166138,3.440934835489339,254.60865047914135,153.39134952085865,0
2023-03-03,SKU0001,STORE0001,S017,1,23,0,0,217,11,6.24,1.0,0.0,163.0,66.0,129.17857142857142,6.25,1.9598237397554636,0.3056916624951722,1.7849441896482636,442.8013690121364,-225.80136901213643,1
2023-03-04,SKU0001,STORE0001,S022,0,276,1,0,418,6,5.6160000000000005,0.9,0.1,65.0,110.0,127.64285714285714,6.454545454545454,2.018099916438052,0.3087605458518112,4.115290004177174,402.457800479338,15.542199520661995,0
2023-03-05,SKU0001,STORE0001,S026,1,111,0,0,254,5,6.24,1.0,0.0,105.0,270.0,133.57142857142858,7.277777777777778,1.934381054849193,0.3104833780269682,1.928401845105297,495.56307966284743,-241.56307966284743,1
2023-03-06,SKU0001,STORE0001,S028,1,148,0,0,117,7,6.24,1.0,0.0,103.0,89.0,127.89285714285714,7.0,1.8918106058538344,0.3083420165975531,0.8825364463845637,473.343145735329,-356.343145735329,1
2023-03-07,SKU0001,STORE0001,S039,1,148,0,0,300,7,6.24,1.0,0.0,113.0,115.0,130.0,7.117647058823529,1.3639259941972872,0.3090501345727116,2.1582578542600412,388.15413137020056,-88.15413137020056,1
2023-03-08,SKU0001,STORE0001,S036,0,16,0,1,228,9,6.24,1.0,0.0,136.0,169.0,131.17857142857142,6.625,1.746424919657298,0.304556316101683,1.583322338039319,470.5086925679419,-242.50869256794192,1
2023-03-09,SKU0001,STORE0001,S015,1,94,0,0,346,9,6.24,1.0,0.0,166.0,87.0,125.71428571428572,6.333333333333333,1.7994708216848745,0.3079336690316962,2.72745597726144,442.63087368977705,-96.63087368977703,1
2023-03-10,SKU0001,STORE0001,S044,1,152,0,0,324,6,6.24,1.0,0.0,23.0,96.0,125.96428571428572,6.076923076923077,1.7541160386140582,0.3084681754509043,2.7793879219173365,406.68752706952694,-82.68752706952694,1
2023-03-11,SKU0001,STORE0001,S040,1,122,0,0,314,10,6.24,1.0,0.0,276.0,112.0,127.96428571428572,8.777777777777779,1.922093765778466,0.3095310466806659,2.325908696972615,507.4380081967633,-193.4380081967633,1
2023-03-12,SKU0001,STORE0001,S041,1,131,0,0,267,6,6.24,1.0,0.0,111.0,203.0,128.32142857142858,6.444444444444445,2.877112750272011,0.3104917496182471,2.3628109485756763,584.8801294906639,-317.8801294906639,1
2023-03-13,SKU0001,STORE0001,S035,1,77,0,0,379,7,6.24,1.0,0.0,148.0,126.0,125.75,5.833333333333333,1.8989630344113089,0.3110709114976189,3.2712418018586766,421.38170152247494,-42.38170152247494,1
2023-03-14,SKU0001,STORE0001,S059,1,77,0,0,110,6,6.24,1.0,0.0,148.0,132.0,124.0,6.190476190476191,2.088517359732679,0.3073502992299263,1.0405306976825894,427.4678736765971,-317.4678736765971,1
2023-03-15,SKU0001,STORE0001,S054,0,269,1,0,99,9,5.304,0.85,0.15,16.0,107.0,122.03571428571428,6.75,2.378884383296277,0.305787461747223,1.0358636008292887,443.45050787755576,-344.45050787755576,1
2023-03-16,SKU0001,STORE0001,S023,0,323,1,0,302,7,4.992000000000001,0.8000000000000002,0.2,94.0,115.0,127.82142857142856,6.7894736842105265,1.7505220608093224,0.3074041161280592,2.292824241030708,463.6528811852,-161.65288118520004,1
2023-03-17,SKU0001,STORE0001,S037,1,169,0,0,389,8,6.24,1.0,0.0,152.0,239.0,135.25,6.25,1.943274501832843,0.3084542729455699,2.3657545088778784,604.6115079823281,-215.6115079823281,1
2023-03-18,SKU0001,STORE0001,S042,1,113,0,0,278,6,6.24,1.0,0.0,122.0,160.0,132.75,6.888888888888889,1.7638342073763935,0.3102639347664808,1.6660859053070742,570.5714374364125,-292.57143743641245,1
2023-03-19,SKU0001,STORE0001,S003,1,155,0,0,348,6,6.24,1.0,0.0,131.0,117.0,131.07142857142858,6.555555555555555,1.8856180831641265,0.3112102997232034,2.1017992126018217,592.0094730213481,-244.00947302134807,1
2023-03-20,SKU0001,STORE0001,S032,1,147,0,0,329,3,6.24,1.0,0.0,77.0,82.0,132.42857142857142,6.181818181818182,1.7215215257545762,0.3112641384052953,1.9467340429938285,557.5861692322072,-228.58616923220723,1
2023-03-21,SKU0001,STORE0001,S017,1,121,0,0,245,4,6.24,1.0,0.0,77.0,161.0,134.75,6.615384615384615,2.292686253374032,0.3056916624951722,1.368707437388618,736.8654687298152,-491.8654687298152,1
2023-03-22,SKU0001,STORE0001,S010,1,83,0,0,298,3,6.24,1.0,0.0,269.0,65.0,133.32142857142858,6.666666666666667,2.1033883198882757,0.3081380225224308,1.6083182280434878,705.8612139117636,-407.8612139117636,1
2023-03-23,SKU0001,STORE0001,S039,1,102,0,0,295,6,6.24,1.0,0.0,323.0,145.0,133.96428571428572,7.111111111111111,1.323493100445977,0.3090501345727116,1.8586741577685828,457.1237744913222,-162.1237744913222,1
2023-03-24,SKU0001,STORE0001,S018,1,97,0,0,456,8,6.24,1.0,0.0,169.0,163.0,132.42857142857142,6.9,1.5951314818673863,0.3110723409070097,3.586488645594922,445.82332396800143,10.176676031998568,0
2023-03-25,SKU0001,STORE0001,S006,1,172,0,0,150,7,6.24,1.0,0.0,113.0,65.0,130.07142857142858,6.3125,2.023816526598529,0.3102734775273436,1.283607597489997,481.42073009700607,-331.42073009700607,1
2023-03-26,SKU0001,STORE0001,S020,1,186,0,0,415,7,6.24,1.0,0.0,155.0,105.0,133.89285714285714,6.923076923076923,2.6913917855989946,0.3082092919427658,3.312402295534699,628.2629997074577,-213.26299970745765,1
2023-03-27,SKU0001,STORE0001,S010,1,141,0,0,283,4,6.24,1.0,0.0,147.0,103.0,136.78571428571428,6.384615384615385,2.2560460078960247,0.3081380225224308,2.181701242391303,559.2461464947063,-276.2461464947063,1
2023-03-28,SKU0001,STORE0001,S043,1,96,0,0,447,6,6.24,1.0,0.0,121.0,113.0,138.14285714285714,6.0,2.406132515928939,0.3082406769329207,3.4689309506467243,579.4910128409932,-132.49101284099322,1
2023-03-29,SKU0001,STORE0001,S040,1,112,0,0,213,7,6.24,1.0,0.0,83.0,136.0,137.53571428571428,8.9,1.8529256146249728,0.3095310466806659,1.7001004552985322,507.59033649637865,-294.59033649637865,1
2023-03-30,SKU0001,STORE0001,S043,1,148,0,0,366,7,6.24,1.0,0.0,102.0,166.0,136.67857142857142,6.0,2.345207879911715,0.3082406769329207,2.827792721248291,570.9646642136554,-204.9646642136554,1
2023-03-31,SKU0001,STORE0001,S002,1,127,0,0,156,6,6.24,1.0,0.0,97.0,23.0,136.03571428571428,6.090909090909091,2.0714509627092528,0.3090145913461446,1.1470503893353723,540.2932190630161,-384.29321906301607,1
2023-04-01,SKU0001,STORE0001,S019,1,158,0,0,312,4,6.24,1.0,0.0,172.0,276.0,139.75,7.0,2.23606797749979,0.3086162017218525,2.2240167330782774,588.0718183318739,-276.07181833187394,1
2023-04-02,SKU0001,STORE0001,S040,1,98,0,0,265,6,6.24,1.0,0.0,186.0,111.0,135.53571428571428,8.727272727272727,1.8488325554743508,0.3095310466806659,1.9163084564471125,508.5674358591264,-243.56743585912636,1
2023-04-03,SKU0001,STORE0001,S023,1,97,0,0,289,6,6.24,1.0,0.0,141.0,148.0,135.07142857142858,6.8,1.704483252453581,0.3074041161280592,2.298845350093806,434.0715387411123,-145.07153874111236,1
2023-04-04,SKU0001,STORE0001,S030,0,190,1,0,190,6,4.367999999999999,0.6999999999999998,0.3,96.0,148.0,133.25,6.166666666666667,1.1690451944500122,0.3091998150166138,1.590895770011495,333.6428202750912,-143.6428202750912,1
2023-04-05,SKU0001,STORE0001,S060,1,75,0,0,414,10,6.24,1.0,0.0,112.0,16.0,134.75,6.888888888888889,2.260776661041756,0.3097472067067326,3.1161055776999524,559.2188876492512,-145.2188876492512,1
2023-04-06,SKU0001,STORE0001,S056,1,147,0,0,260,7,6.24,1.0,0.0,148.0,94.0,136.85714285714286,6.25,2.7344602259445514,0.3101551934335325,2.038057932356633,620.8620516927596,-360.8620516927595,1
2023-04-07,SKU0001,STORE0001,S042,1,137,0,0,350,7,6.24,1.0,0.0,127.0,152.0,138.75,6.8,1.6865480854231356,0.3102639347664808,2.7466152171451568,428.2864319957296,-78.28643199572963,1
2023-04-08,SKU0001,STORE0001,S029,1,115,0,0,394,5,6.24,1.0,0.0,158.0,122.0,138.21428571428572,6.923076923076923,1.6563785025137652,0.3115503492149712,3.057625938601363,427.3445777402808,-33.34457774028078,1
2023-04-09,SKU0001,STORE0001,S059,1,123,0,0,406,6,6.24,1.0,0.0,98.0,131.0,137.96428571428572,6.181818181818182,2.038588765750502,0.3073502992299263,3.3084712930162388,472.09745526916674,-66.09745526916674,1
2023-04-10,SKU0001,STORE0001,S028,1,94,0,0,452,7,6.24,1.0,0.0,97.0,77.0,137.67857142857142,7.0,1.8439088914585775,0.3083420165975531,3.579157178619626,455.1814802079714,-3.18148020797139,1
2023-04-11,SKU0001,STORE0001,S012,0,23,0,1,188,6,6.24,1.0,0.0,190.0,77.0,138.28571428571428,6.444444444444445,1.810463415200036,0.310784030916961,1.4937452256338484,441.624386417002,-253.62438641700203,1
2023-04-12,SKU0001,STORE0001,S021,1,146,0,0,349,7,6.24,1.0,0.0,75.0,269.0,136.35714285714286,6.583333333333333,1.6764862244009229,0.3092303186261287,3.4215350829893825,375.10932542636886,-26.109325426368855,1
2023-04-13,SKU0001,STORE0001,S055,1,138,0,0,189,7,6.24,1.0,0.0,147.0,323.0,131.96428571428572,7.285714285714286,2.4314785444432596,0.3126593008636436,1.6853352900037837,506.7353171170632,-317.73531711706323,1
2023-04-14,SKU0001,STORE0001,S013,0,143,1,0,124,4,5.304,0.85,0.15,137.0,169.0,125.35714285714286,5.666666666666667,1.5811388300841898,0.3087047329885402,1.1185466110486115,323.1019863228322,-199.1019863228322,1
2023-04-15,SKU0001,STORE0001,S044,1,155,0,0,214,5,6.24,1.0,0.0,115.0,113.0,124.42857142857144,6.071428571428571,1.685425566632754,0.3084681754509043,1.9155838758476589,343.1615779293236,-129.16157792932358,1
2023-04-16,SKU0001,STORE0001,S049,0,261,1,0,257,5,4.367999999999999,0.6999999999999998,0.3,123.0,155.0,125.92857142857144,5.666666666666667,2.449489742783178,0.3095444907552158,2.188545839633969,495.4804971380989,-238.48049713809888,1
2023-04-17,SKU0001,STORE0001,S041,1,122,0,0,219,6,6.24,1.0,0.0,94.0,147.0,129.71428571428572,6.4,2.7162065049951147,0.3104917496182471,1.5968633562046943,641.5766301068951,-422.5766301068951,1
2023-04-18,SKU0001,STORE0001,S035,0,152,1,0,360,6,4.367999999999999,0.6999999999999998,0.3,23.0,121.0,128.82142857142858,5.923076923076923,1.84668795692624,0.3110709114976189,2.5505892164731625,464.8867386950938,-104.8867386950938,1
2023-04-19,SKU0001,STORE0001,S019,1,71,0,0,282,9,6.24,1.0,0.0,146.0,83.0,129.92857142857142,6.75,2.3011854652449344,0.3086162017218525,1.767222586787728,634.7523182996142,-352.7523182996142,1
2023-04-20,SKU0001,STORE0001,S030,1,99,0,0,382,4,6.24,1.0,0.0,138.0,102.0,129.5,6.142857142857143,1.0690449676496976,0.3091998150166138,2.566201570622846,319.8746911516424,62.12530884835758,0
2023-04-21,SKU0001,STORE0001,S026,1,154,0,0,348,9,6.24,1.0,0.0,143.0,97.0,129.39285714285714,7.157894736842105,1.9511580007420335,0.3104833780269682,2.428696908396452,501.80597872280765,-153.80597872280765,1
2023-04-22,SKU0001,STORE0001,S049,1,143,0,0,477,7,6.24,1.0,0.0,155.0,172.0,131.42857142857142,5.6,2.3190036174568114,0.3095444907552158,3.2928766763937527,580.8860990604205,-103.88609906042052,1
2023-04-23,SKU0001,STORE0001,S025,1,146,0,0,364,6,6.24,1.0,0.0,261.0,186.0,130.39285714285714,6.6923076923076925,2.2130151145972543,0.3052289813924146,2.542896406911329,555.2084929507322,-191.2084929507322,1
2023-04-24,SKU0001,STORE0001,S039,1,143,0,0,167,7,6.24,1.0,0.0,122.0,141.0,128.96428571428572,7.052631578947368,1.3112201362143714,0.3090501345727116,1.3179151911991676,331.7195225181572,-164.7195225181572,1
2023-04-25,SKU0001,STORE0001,S006,1,19,0,0,188,8,6.24,1.0,0.0,152.0,96.0,129.03571428571428,6.352941176470588,1.9666334327534272,0.3102734775273436,1.4493280338147172,456.7532854008713,-268.7532854008713,1
2023-04-26,SKU0001,STORE0001,S057,1,127,0,0,295,6,6.24,1.0,0.0,71.0,112.0,126.28571428571428,6.5,2.354878881270658,0.3115580407978799,2.664492062652337,473.6276181382007,-178.62761813820072,1
2023-04-27,SKU0001,STORE0001,S039,1,139,0,0,430,8,6.24,1.0,0.0,99.0,148.0,126.82142857142856,7.05,1.276302224561664,0.3090501345727116,3.6221114864255055,323.93699486839654,106.06300513160346,0
2023-04-28,SKU0001,STORE0001,S052,1,136,0,0,334,9,6.24,1.0,0.0,154.0,127.0,126.5,6.923076923076923,1.1151635501529555,0.3097156951286978,2.6842493803149687,306.39527788278605,27.604722117213953,0
2023-04-29,SKU0001,STORE0001,S023,0,232,1,0,272,6,4.992000000000001,0.8000000000000002,0.2,143.0,158.0,126.82142857142856,6.761904761904762,1.670471846657761,0.3074041161280592,2.2321036052459124,391.6169531393548,-119.6169531393548,1
2023-04-30,SKU0001,STORE0001,S013,0,237,1,0,345,7,5.304,0.85,0.15,146.0,98.0,129.46428571428572,5.5,1.5811388300841898,0.3087047329885402,2.5636752168508297,402.1575136649742,-57.1575136649742,1
2023-05-01,SKU0001,STORE0001,S003,1,170,0,0,268,6,6.24,1.0,0.0,143.0,97.0,134.42857142857142,6.526315789473684,1.8369183449048443,0.3112102997232034,1.8160573936091429,502.2079627834475,-234.2079627834475,1
2023-05-02,SKU0001,STORE0001,S007,0,21,0,1,222,5,6.24,1.0,0.0,19.0,190.0,137.03571428571428,5.933333333333334,2.086236073022646,0.3105578259739097,1.4660280545317157,564.7438852301841,-342.7438852301841,1
2023-05-03,SKU0001,STORE0001,S026,1,129,0,0,175,9,6.24,1.0,0.0,127.0,75.0,131.0,7.25,1.9432745018328432,0.3104833780269682,1.1534763895153233,548.9889795647852,-373.9889795647851,1
2023-05-04,SKU0001,STORE0001,S055,1,116,0,0,438,4,6.24,1.0,0.0,139.0,147.0,132.92857142857142,7.266666666666667,2.3441924185608345,0.3126593008636436,2.8815599897369095,638.8896669843433,-200.8896669843433,1
2023-05-05,SKU0001,STORE0001,S019,0,185,1,0,184,7,4.992000000000001,0.8000000000000002,0.2,136.0,137.0,131.82142857142858,6.923076923076923,2.289888587593236,0.3086162017218525,1.2372635342509704,612.6396810932822,-428.6396810932822,1
2023-05-06,SKU0001,STORE0001,S032,0,225,1,0,342,10,4.992000000000001,0.8000000000000002,0.2,232.0,115.0,133.53571428571428,5.916666666666667,1.880924981991251,0.3112641384052953,2.196316170446611,534.8905061502373,-192.89050615023737,1
2023-05-07,SKU0001,STORE0001,S009,1,138,0,0,326,6,6.24,1.0,0.0,237.0,123.0,137.46428571428572,7.222222222222222,2.3863035105460586,0.3124787998854249,2.107096260688989,663.9135018326723,-337.9135018326723,1
2023-05-08,SKU0001,STORE0001,S034,0,209,1,0,316,4,5.6160000000000005,0.9,0.1,170.0,94.0,138.0,7.0,1.4142135623730951,0.3083804457553219,2.2479514881499822,418.3156040907995,-102.31560409079952,1
2023-05-09,SKU0001,STORE0001,S041,0,261,1,0,273,7,4.367999999999999,0.6999999999999998,0.3,21.0,23.0,142.10714285714286,6.363636363636363,2.579640566928938,0.3104917496182471,1.868022408448818,670.7411683098378,-397.7411683098378,1
2023-05-10,SKU0001,STORE0001,S026,1,79,0,0,343,2,6.24,1.0,0.0,129.0,146.0,150.60714285714286,7.333333333333333,1.932183566158592,0.3104833780269682,1.901018759199276,633.9549622635441,-290.9549622635441,1
2023-05-11,SKU0001,STORE0001,S008,1,128,0,0,124,7,6.24,1.0,0.0,116.0,138.0,148.21428571428572,6.416666666666667,1.7816403745544227,0.3054273182188654,0.715577074163628,569.9440377036553,-445.94403770365534,1
2023-05-12,SKU0001,STORE0001,S031,0,33,1,1,280,2,5.304,0.85,0.15,185.0,143.0,147.85714285714286,6.1,2.960855732160327,0.3111676780723122,1.5999908571951016,890.6365758679627,-610.6365758679627,1
2023-05-13,SKU0001,STORE0001,S019,1,134,0,0,245,9,6.24,1.0,0.0,225.0,155.0,143.92857142857142,6.928571428571429,2.200149845046773,0.3086162017218525,1.5983120333790926,623.9491497573788,-378.9491497573788,1
2023-05-14,SKU0001,STORE0001,S044,1,139,0,0,254,6,6.24,1.0,0.0,138.0,261.0,143.17857142857142,6.0,1.6475089420958275,0.3084681754509043,1.8105777250060335,463.0204633557264,-209.0204633557264,1
2023-05-15,SKU0001,STORE0001,S046,1,104,0,0,245,6,6.24,1.0,0.0,209.0,122.0,138.82142857142858,6.615384615384615,1.3867504905630723,0.3098725276053832,1.744646782779777,411.91695644121506,-166.91695644121506,1
2023-05-16,SKU0001,STORE0001,S025,1,95,0,0,172,9,6.24,1.0,0.0,261.0,152.0,138.17857142857142,6.642857142857143,2.1342317247536773,0.3052289813924146,1.371287472651129,512.2634438547099,-340.26344385470986,1
2023-05-17,SKU0001,STORE0001,S057,0,180,1,0,328,7,4.367999999999999,0.6999999999999998,0.3,79.0,71.0,136.14285714285714,6.461538461538462,2.2588855886396955,0.3115580407978799,3.2246873977362585,458.4953191093798,-130.4953191093798,1
2023-05-18,SKU0001,STORE0001,S034,1,80,0,0,358,5,6.24,1.0,0.0,128.0,99.0,140.03571428571428,6.7272727272727275,1.6180796699117812,0.3083804457553219,3.0823842845141556,404.37700626467176,-46.37700626467176,1
2023-05-19,SKU0001,STORE0001,S021,1,74,0,0,233,4,6.24,1.0,0.0,33.0,154.0,139.35714285714286,6.615384615384615,1.6092680291808414,0.3092303186261287,2.132006635233403,389.5247297074179,-156.52472970741792,1
2023-05-20,SKU0001,STORE0001,S038,1,109,0,0,389,5,6.24,1.0,0.0,134.0,143.0,136.5,6.466666666666667,2.1995670569671746,0.3087086212806351,3.3783825698784256,493.081501797425,-104.081501797425,1
2023-05-21,SKU0001,STORE0001,S059,0,242,1,0,351,8,5.6160000000000005,0.9,0.1,139.0,146.0,135.28571428571428,6.173913043478261,1.9920791768000377,0.3073502992299263,3.1459385127149946,447.5569033565321,-96.55690335653208,1
2023-05-22,SKU0001,STORE0001,S001,0,136,1,0,285,9,5.6160000000000005,0.9,0.1,104.0,143.0,138.71428571428572,6.9411764705882355,1.6382379343098374,0.3097174709269413,2.2567694599703394,445.18014589929913,-160.1801458992991,1
2023-05-23,SKU0001,STORE0001,S009,0,224,1,0,303,5,5.304,0.85,0.15,95.0,19.0,138.46428571428572,7.1,2.2827858224351907,0.3124787998854249,2.3154844886556543,571.3609571020717,-268.36095710207167,1
2023-05-24,SKU0001,STORE0001,S051,0,3,0,1,207,7,6.24,1.0,0.0,180.0,127.0,145.78571428571428,6.578947368421052,1.8353258709644944,0.3096633370683461,1.3865935826267193,525.503848020944,-318.503848020944,1
2023-05-25,SKU0001,STORE0001,S044,0,255,1,0,256,6,5.304,0.85,0.15,80.0,139.0,141.35714285714286,6.0,1.5916448515084427,0.3084681754509043,2.0644994798429046,428.13381235977425,-172.13381235977425,1
2023-05-26,SKU0001,STORE0001,S025,1,120,0,0,328,5,6.24,1.0,0.0,74.0,136.0,145.5,6.8,2.1447610589527217,0.3052289813924146,2.201327507869075,611.6423861211715,-283.6423861211715,1
2023-05-27,SKU0001,STORE0001,S009,1,133,0,0,280,6,6.24,1.0,0.0,109.0,232.0,144.92857142857142,6.909090909090909,2.2563042992710645,0.3124787998854249,1.7998047762778382,658.3642149477822,-378.3642149477822,1
2023-05-28,SKU0001,STORE0001,S039,1,116,0,0,322,6,6.24,1.0,0.0,242.0,237.0,141.39285714285714,7.095238095238095,1.2611408289624877,0.3090501345727116,2.025144495946566,452.2536486188465,-130.2536486188465,1
2023-05-29,SKU0001,STORE0001,S052,1,140,0,0,188,7,6.24,1.0,0.0,136.0,170.0,137.07142857142858,7.071428571428571,1.2066664642907563,0.3097156951286978,1.333323877135623,408.8091774453936,-220.80917744539363,1
2023-05-30,SKU0001,STORE0001,S029,1,88,0,0,349,6,6.24,1.0,0.0,224.0,21.0,136.0,6.785714285714286,1.6723346844167577,0.3115503492149712,2.46516926722011,486.4078765345824,-137.40787653458244,1
2023-05-31,SKU0001,STORE0001,S025,1,50,0,0,293,6,6.24,1.0,0.0,3.0,129.0,138.39285714285714,6.6875,2.1203380233664006,0.3052289813924146,2.3988107699703045,507.8448696347318,-214.84486963473185,1
2023-06-01,SKU0001,STORE0001,S006,1,227,0,0,262,5,6.24,1.0,0.0,255.0,116.0,135.57142857142858,6.444444444444445,1.947010445067672,0.3102734775273436,2.0332436444506525,498.8022859996029,-236.80228599960287,1
2023-06-02,SKU0001,STORE0001,S008,1,195,0,0,244,5,6.24,1.0,0.0,120.0,185.0,139.53571428571428,6.461538461538462,1.713446070320696,0.3054273182188654,1.9542177579813431,455.14776130319416,-211.14776130319416,1
2023-06-03,SKU0001,STORE0001,S049,0,25,0,1,267,4,6.24,1.0,0.0,133.0,225.0,139.89285714285714,5.7272727272727275,2.2401298663653,0.3095444907552158,1.9694269905279935,569.9616955241781,-302.96169552417814,1
2023-06-04,SKU0001,STORE0001,S025,1,125,0,0,353,5,6.24,1.0,0.0,116.0,138.0,132.75,6.647058823529412,2.0597686906115285,0.3052289813924146,2.9381443911881826,505.3306258185636,-152.3306258185636,1
2023-06-05,SKU0001,STORE0001,S025,1,199,0,0,244,5,6.24,1.0,0.0,140.0,209.0,132.28571428571428,6.555555555555555,2.0356303322738154,0.3052289813924146,2.0093952167452738,503.76139311983286,-259.76139311983286,1
2023-06-06,SKU0001,STORE0001,S009,0,29,0,1,232,9,6.24,1.0,0.0,88.0,261.0,131.92857142857142,6.833333333333333,2.167249338901663,0.3124787998854249,1.7865648999402644,552.9732836383694,-320.97328363836937,1
2023-06-07,SKU0001,STORE0001,S050,1,109,0,0,206,9,6.24,1.0,0.0,50.0,79.0,123.64285714285714,6.176470588235294,1.380004262568012,0.3116418514693667,1.6964566174160918,391.093740979312,-185.09374097931203,1
2023-06-08,SKU0001,STORE0001,S047,0,141,1,0,221,7,4.992000000000001,0.8000000000000002,0.2,227.0,128.0,124.71428571428572,6.916666666666667,1.928651593652148,0.3084207457711594,1.7018570814086138,505.15291628735224,-284.15291628735224,1
2023-06-09,SKU0001,STORE0001,S035,1,231,0,0,458,9,6.24,1.0,0.0,195.0,33.0,125.17857142857144,5.928571428571429,1.7743595036946846,0.3110709114976189,3.895471119929721,437.0167006581347,20.98329934186529,0
2023-06-10,SKU0001,STORE0001,S026,0,346,1,0,188,8,5.6160000000000005,0.9,0.1,25.0,134.0,132.25,7.090909090909091,2.2019275302527213,0.3104833780269682,1.5320014854360908,535.1838000840917,-347.1838000840917,1
2023-06-11,SKU0001,STORE0001,S028,0,300,1,0,376,12,5.6160000000000005,0.9,0.1,125.0,139.0,139.82142857142858,7.0,1.7994708216848747,0.3083420165975531,2.2304952428248304,606.7502668878196,-230.75026688781963,1
2023-06-12,SKU0001,STORE0001,S001,0,343,1,0,351,6,4.367999999999999,0.6999999999999998,0.3,199.0,104.0,145.57142857142858,7.055555555555555,1.661757475835969,0.3097174709269413,1.8132747653702157,646.4231250888263,-295.4231250888263,1
2023-06-13,SKU0001,STORE0001,S050,0,285,1,0,322,4,4.367999999999999,0.6999999999999998,0.3,29.0,95.0,154.10714285714286,6.333333333333333,1.4950900031928045,0.3116418514693667,1.503662090970889,650.982950325554,-328.98295032555404,1
2023-06-14,SKU0001,STORE0001,S013,1,113,0,0,375,6,6.24,1.0,0.0,109.0,180.0,160.89285714285714,5.636363636363637,1.5666989036012806,0.3087047329885402,1.4957205298896243,745.5541824059883,-370.5541824059883,1
2023-06-15,SKU0001,STORE0001,S020,1,146,0,0,261,5,6.24,1.0,0.0,141.0,80.0,158.5,6.928571428571429,2.5858873113136984,0.3082092919427658,1.0386541952362895,1147.9161157015349,-886.9161157015349,1
2023-06-16,SKU0001,STORE0001,S039,1,172,0,0,286,5,6.24,1.0,0.0,231.0,74.0,160.85714285714286,7.045454545454546,1.2527027058580456,0.3090501345727116,1.1349161312851932,661.7736980123589,-375.77369801235886,1
2023-06-17,SKU0001,STORE0001,S034,1,265,0,0,331,10,6.24,1.0,0.0,346.0,109.0,164.35714285714286,6.583333333333333,1.621353717973928,0.3083804457553219,1.358938702304448,758.3851887125812,-427.3851887125812,1
2023-06-18,SKU0001,STORE0001,S009,1,166,0,0,254,2,6.24,1.0,0.0,300.0,242.0,169.92857142857142,7.0,2.1602468994692865,0.3124787998854249,1.094822867142814,921.0251566415908,-667.0251566415908,1
2023-06-19,SKU0001,STORE0001,S018,0,4,0,1,151,7,6.24,1.0,0.0,343.0,136.0,167.21428571428572,7.0,1.5491933384829668,0.3110723409070097,0.7093926404372597,675.7928266923554,-524.7928266923554,1
2023-06-20,SKU0001,STORE0001,S052,1,159,0,0,305,8,6.24,1.0,0.0,285.0,224.0,162.5,7.066666666666666,1.1629191512658787,0.3097156951286978,1.854897494107334,528.7456084429299,-223.7456084429299,1
2023-06-21,SKU0001,STORE0001,S026,1,202,0,0,370,7,6.24,1.0,0.0,113.0,3.0,160.17857142857142,7.130434782608695,2.1596369186864166,0.3104833780269682,2.5268120120155277,671.632443855938,-301.63244385593805,1
2023-06-22,SKU0001,STORE0001,S057,1,148,0,0,321,6,6.24,1.0,0.0,146.0,255.0,167.28571428571428,6.5,2.1750331562459526,0.3115580407978799,2.0170429808789354,687.9246120890315,-366.9246120890315,1
2023-06-23,SKU0001,STORE0001,S036,1,121,0,0,573,6,6.24,1.0,0.0,172.0,120.0,163.46428571428572,6.764705882352941,1.7863864281247313,0.304556316101683,3.5940634780964635,607.1156106835375,-34.11561068353751,1
2023-06-24,SKU0001,STORE0001,S039,0,432,1,0,434,6,4.367999999999999,0.6999999999999998,0.3,265.0,133.0,163.5,6.956521739130435,1.296087148780205,0.3090501345727116,2.85256341038134,507.6951508650836,-73.69515086508358,1
2023-06-25,SKU0001,STORE0001,S059,1,186,0,0,396,6,6.24,1.0,0.0,166.0,116.0,174.17857142857142,6.25,1.9836286468731117,0.3073502992299263,2.249987215981727,714.9331136272314,-318.93311362723136,1
2023-06-26,SKU0001,STORE0001,S041,1,217,0,0,270,7,6.24,1.0,0.0,4.0,140.0,176.67857142857142,6.416666666666667,2.466441431158123,0.3104917496182471,1.509576224414081,843.6122074839842,-573.6122074839842,1
2023-06-27,SKU0001,STORE0001,S051,1,221,0,0,282,6,6.24,1.0,0.0,159.0,88.0,179.42857142857142,6.6,1.7888543819998317,0.3096633370683461,1.3474338347871375,754.1228443208249,-472.1228443208249,1
2023-06-28,SKU0001,STORE0001,S044,1,120,0,0,278,6,6.24,1.0,0.0,202.0,50.0,184.17857142857144,6.0,1.5411035007422438,0.3084681754509043,1.2743883950761197,688.0386806459732,-410.0386806459731,1
2023-06-29,SKU0001,STORE0001,S027,1,217,0,0,343,9,6.24,1.0,0.0,148.0,227.0,186.67857142857144,6.230769230769231,2.4205318339105477,0.307628289113354,1.6615836463075957,918.1315516970031,-575.1315516970033,1
2023-06-30,SKU0001,STORE0001,S031,1,181,0,0,289,9,6.24,1.0,0.0,121.0,195.0,186.32142857142856,5.7272727272727275,3.0689056385268376,0.3111676780723122,1.3361893306966215,1161.515711481277,-872.5157114812771,1
2023-07-01,SKU0001,STORE0001,S042,0,401,1,0,268,5,4.992000000000001,0.8000000000000002,0.2,432.0,25.0,185.82142857142856,6.818181818181818,1.60113596038449,0.3102639347664808,1.191862552072513,728.6979631209582,-460.6979631209582,1
2023-07-02,SKU0001,STORE0001,S003,0,406,1,0,261,7,4.992000000000001,0.8000000000000002,0.2,186.0,125.0,199.25,6.5,1.7917941611104422,0.3112102997232034,1.1840516601674522,777.5501035189022,-516.5501035189022,1
2023-07-03,SKU0001,STORE0001,S008,1,83,0,0,192,8,6.24,1.0,0.0,217.0,199.0,209.28571428571428,6.357142857142857,1.6919330254585618,0.3054273182188654,0.7623338988444175,832.0763762287131,-640.0763762287131,1
2023-07-04,SKU0001,STORE0001,S026,1,193,0,0,356,6,6.24,1.0,0.0,221.0,29.0,205.1428571428571,7.125,2.1123343773510697,0.3104833780269682,1.529766293208071,943.828227262148,-587.8282272621481,1
2023-07-05,SKU0001,STORE0001,S024,1,178,0,0,365,8,6.24,1.0,0.0,120.0,109.0,211.0,6.5,2.0138409955990952,0.3111381463742503,1.595870598941791,877.047021438775,-512.047021438775,1
2023-07-06,SKU0001,STORE0001,S025,1,153,0,0,416,8,6.24,1.0,0.0,217.0,141.0,213.46428571428572,6.473684210526316,2.0102078679864483,0.3052289813924146,1.7552668554141122,895.8873543515566,-479.8873543515566,1
2023-07-07,SKU0001,STORE0001,S011,1,84,0,0,267,10,6.24,1.0,0.0,181.0,231.0,213.8928571428571,7.7,1.766981104093143,0.3096178624491322,1.1717816912402266,812.2424134808704,-545.2424134808704,1
2023-07-08,SKU0001,STORE0001,S054,1,179,0,0,392,7,6.24,1.0,0.0,401.0,346.0,208.6428571428571,6.923076923076923,2.361550989693654,0.305787461747223,1.8317671412750407,950.1263666678047,-558.1263666678047,1
2023-07-09,SKU0001,STORE0001,S032,1,302,0,0,296,5,6.24,1.0,0.0,406.0,300.0,202.67857142857144,6.230769230769231,2.1273554065179203,0.3112641384052953,1.6238155433316588,764.2958931892533,-468.2958931892533,1
2023-07-10,SKU0001,STORE0001,S048,1,233,0,0,308,7,6.24,1.0,0.0,83.0,343.0,202.75,6.4,1.6982963599783722,0.3102185270687608,1.8395794564366936,632.3449402921394,-324.3449402921394,1
2023-07-11,SKU0001,STORE0001,S032,1,159,0,0,257,4,6.24,1.0,0.0,193.0,285.0,198.82142857142856,6.142857142857143,2.070196678027062,0.3112641384052953,1.360809738526347,759.4696808635596,-502.4696808635596,1
2023-07-12,SKU0001,STORE0001,S053,1,167,0,0,182,8,6.24,1.0,0.0,178.0,113.0,194.32142857142856,6.875,2.0289570391377607,0.3087142855453137,0.9891250591029396,744.8390872248099,-562.8390872248099,1
2023-07-13,SKU0001,STORE0001,S044,1,142,0,0,391,7,6.24,1.0,0.0,153.0,146.0,196.25,6.0,1.4950900031928038,0.3084681754509043,2.143292871534769,593.2461971910931,-202.24619719109307,1
2023-07-14,SKU0001,STORE0001,S019,1,152,0,0,384,6,6.24,1.0,0.0,84.0,172.0,196.1071428571429,7.066666666666666,2.1865389045137933,0.3086162017218525,2.1232110091018455,775.8995121727282,-391.89951217272824,1
2023-07-15,SKU0001,STORE0001,S003,1,171,0,0,360,4,6.24,1.0,0.0,179.0,265.0,195.3928571428571,6.523809523809524,1.749829923708233,0.3112102997232034,1.8890455597309457,682.9068673800115,-322.9068673800115,1
2023-07-16,SKU0001,STORE0001,S011,1,143,0,0,156,4,6.24,1.0,0.0,302.0,166.0,192.03571428571428,7.909090909090909,1.814086296433852,0.3096178624491322,0.8235250643473225,718.4812789073262,-562.4812789073262,1
2023-07-17,SKU0001,STORE0001,S005,1,146,0,0,183,9,6.24,1.0,0.0,233.0,4.0,191.21428571428572,6.538461538461538,2.5038431998091992,0.3101469645164297,1.0976797911237892,797.7987446773565,-614.7987446773565,1
2023-07-18,SKU0001,STORE0001,S058,0,410,1,0,251,1,4.367999999999999,0.6999999999999998,0.3,159.0,159.0,196.28571428571428,6.571428571428571,1.8126539343499315,0.3081638585098428,1.626841307510044,594.5652216689697,-343.5652216689697,1
2023-07-19,SKU0001,STORE0001,S024,1,116,0,0,294,4,6.24,1.0,0.0,167.0,202.0,205.25,6.636363636363637,1.9632996344280855,0.3111381463742503,1.5461977284867774,741.2769859555292,-447.2769859555292,1
2023-07-20,SKU0001,STORE0001,S053,0,340,1,0,403,7,4.992000000000001,0.8000000000000002,0.2,142.0,148.0,202.17857142857144,6.9411764705882355,1.983386883442503,0.3087142855453137,2.2038941974536077,735.7888951450603,-332.78889514506034,1
2023-07-21,SKU0001,STORE0001,S060,1,76,0,0,213,8,6.24,1.0,0.0,152.0,121.0,209.03571428571428,7.2,2.3475755815545343,0.3097472067067326,1.0087908920593744,932.587223337664,-719.5872233376641,1
2023-07-22,SKU0001,STORE0001,S032,1,185,0,0,199,8,6.24,1.0,0.0,171.0,432.0,207.42857142857144,6.0,2.070196678027062,0.3112641384052953,0.9935756383527328,800.8585806193278,-601.8585806193278,1
2023-07-23,SKU0001,STORE0001,S009,1,216,0,0,163,4,6.24,1.0,0.0,143.0,186.0,198.6071428571429,6.642857142857143,2.468482650011256,0.3124787998854249,0.8057869770417802,914.2314855087744,-751.2314855087743,1
2023-07-24,SKU0001,STORE0001,S014,1,154,0,0,260,10,6.24,1.0,0.0,146.0,217.0,199.67857142857144,6.882352941176471,1.8331105033922697,0.3103407898821775,1.222291097355486,759.3890137718092,-499.3890137718092,1
2023-07-25,SKU0001,STORE0001,S006,0,116,1,0,478,4,5.6160000000000005,0.9,0.1,410.0,221.0,197.42857142857144,6.368421052631579,1.9209524927837656,0.3102734775273436,2.2351264890544935,781.7263462363976,-303.7263462363976,1
2023-07-26,SKU0001,STORE0001,S046,1,196,0,0,206,3,6.24,1.0,0.0,116.0,120.0,193.67857142857144,6.571428571428571,1.34245960914949,0.3098725276053832,1.198663016923426,552.3999219021327,-346.39992190213275,1
2023-07-27,SKU0001,STORE0001,S010,1,208,0,0,339,8,6.24,1.0,0.0,340.0,217.0,196.3928571428571,6.214285714285714,2.2592909516916153,0.3081380225224308,1.8495612260884,784.1167028895323,-445.11670288953235,1
2023-07-28,SKU0001,STORE0001,S021,1,144,0,0,248,7,6.24,1.0,0.0,76.0,181.0,196.07142857142856,6.428571428571429,1.696797241605749,0.3092303186261287,1.5082445197987502,604.0166752639974,-356.0166752639974,1
2023-07-29,SKU0001,STORE0001,S010,1,184,0,0,292,8,6.24,1.0,0.0,185.0,401.0,194.75,6.333333333333333,2.2253945610567474,0.3081380225224308,1.6767746206543523,749.0517558918999,-457.0517558918999,1
2023-07-30,SKU0001,STORE0001,S018,1,226,0,0,329,10,6.24,1.0,0.0,216.0,406.0,187.0,7.0,1.4770978917519928,0.3110723409070097,1.890793731070511,562.9659181513574,-233.9659181513574,1
2023-07-31,SKU0001,STORE0001,S012,1,228,0,0,277,6,6.24,1.0,0.0,154.0,83.0,180.57142857142856,6.4,1.7126976771553504,0.310784030916961,1.5789812273057076,583.4338916785555,-306.4338916785555,1
2023-08-01,SKU0001,STORE0001,S013,1,218,0,0,339,7,6.24,1.0,0.0,116.0,193.0,185.75,5.666666666666667,1.497472618255253,0.3087047329885402,1.8225708463932988,538.8944447379702,-199.89444473797016,1
2023-08-02,SKU0001,STORE0001,S022,1,168,0,0,400,5,6.24,1.0,0.0,196.0,178.0,186.6428571428571,6.416666666666667,1.9286515936521476,0.3087605458518112,1.9942920512504565,705.4773708717208,-305.47737087172084,1
2023-08-03,SKU0001,STORE0001,S010,1,153,0,0,224,6,6.24,1.0,0.0,208.0,153.0,186.28571428571428,6.4375,2.1899391163530857,0.3081380225224308,1.13952908669796,771.548285591479,-547.548285591479,1
2023-08-04,SKU0001,STORE0001,S022,1,168,0,0,241,5,6.24,1.0,0.0,144.0,84.0,186.28571428571428,6.3076923076923075,1.8878830906871755,0.3087605458518112,1.2770560640481086,659.1708694941638,-418.17086949416375,1
2023-08-05,SKU0001,STORE0001,S053,1,176,0,0,186,7,6.24,1.0,0.0,184.0,179.0,189.28571428571428,6.944444444444445,1.9242178616479393,0.3087142855453137,0.9680247017301769,680.3006885344533,-494.30068853445334,1
2023-08-06,SKU0001,STORE0001,S048,1,149,0,0,296,6,6.24,1.0,0.0,226.0,302.0,189.17857142857144,6.428571428571429,1.6604646509766046,0.3102185270687608,1.5497301061250988,598.1660926067178,-302.1660926067178,1
2023-08-07,SKU0001,STORE0001,S025,0,371,1,0,339,7,5.6160000000000005,0.9,0.1,228.0,233.0,183.71428571428572,6.55,1.9861361590045292,0.3052289813924146,1.8833228704284977,652.3949073627745,-313.39490736277446,1
2023-08-08,SKU0001,STORE0001,S054,1,118,0,0,197,4,6.24,1.0,0.0,218.0,159.0,188.6428571428571,6.928571428571429,2.26899793925681,0.305787461747223,0.9828888950660972,817.0312351961147,-620.0312351961147,1
2023-08-09,SKU0001,STORE0001,S003,0,389,1,0,349,7,4.367999999999999,0.6999999999999998,0.3,168.0,167.0,187.17857142857144,6.409090909090909,1.790426682561368,0.3112102997232034,1.874893995197263,633.7652990567158,-284.7652990567158,1
2023-08-10,SKU0001,STORE0001,S001,1,166,0,0,252,6,6.24,1.0,0.0,153.0,142.0,195.1071428571429,7.0,1.6329931618554518,0.3097174709269413,1.1574749984744164,692.6446994719829,-440.6446994719829,1
2023-08-11,SKU0001,STORE0001,S034,1,170,0,0,199,6,6.24,1.0,0.0,168.0,152.0,195.96428571428572,6.846153846153846,1.8187062180825984,0.3083804457553219,0.906306867828188,751.9532946390261,-552.9532946390261,1
2023-08-12,SKU0001,STORE0001,S021,0,413,1,0,320,6,5.6160000000000005,0.9,0.1,176.0,171.0,196.6071428571429,6.466666666666667,1.6417180315870614,0.3092303186261287,1.455483958162633,691.275258481001,-371.27525848100095,1
2023-08-13,SKU0001,STORE0001,S048,1,157,0,0,381,4,6.24,1.0,0.0,149.0,143.0,205.25,6.409090909090909,1.6230216062021892,0.3102185270687608,1.5016832703925154,782.4358917044704,-401.4358917044703,1
2023-08-14,SKU0001,STORE0001,S054,1,257,0,0,382,8,6.24,1.0,0.0,371.0,146.0,205.75,6.733333333333333,2.313521331732421,0.305787461747223,1.4988730425385102,1050.5229802404335,-668.5229802404335,1
2023-08-15,SKU0001,STORE0001,S034,1,106,0,0,374,9,6.24,1.0,0.0,118.0,410.0,209.71428571428572,6.785714285714286,1.7619295117556788,0.3083804457553219,1.567658099636708,799.0251887199905,-425.0251887199905,1
2023-08-16,SKU0001,STORE0001,S054,1,101,0,0,328,9,6.24,1.0,0.0,389.0,116.0,198.8571428571429,6.8125,2.2573952541221782,0.305787461747223,1.3847951184765803,955.9833857757428,-627.9833857757427,1
2023-08-17,SKU0001,STORE0001,S040,1,234,0,0,217,5,6.24,1.0,0.0,166.0,340.0,198.32142857142856,8.5,1.9306145983268457,0.3095310466806659,1.1087534589239323,748.4524941711655,-531.4524941711655,1
2023-08-18,SKU0001,STORE0001,S020,1,67,0,0,272,5,6.24,1.0,0.0,170.0,76.0,194.53571428571428,6.8,2.5410908793553326,0.3082092919427658,1.3240547507765956,930.537742670994,-658.537742670994,1
2023-08-19,SKU0001,STORE0001,S039,1,218,0,0,223,7,6.24,1.0,0.0,413.0,185.0,194.21428571428572,6.916666666666667,1.2825472842090009,0.3090501345727116,1.1692822584450868,539.0568152514869,-316.0568152514869,1
2023-08-20,SKU0001,STORE0001,S025,0,317,1,0,341,8,4.367999999999999,0.6999999999999998,0.3,157.0,216.0,195.3928571428571,6.571428571428571,1.9383350734955136,0.3052289813924146,2.09384679216882,626.8250304964703,-285.8250304964703,1
2023-08-21,SKU0001,STORE0001,S057,1,157,0,0,180,7,6.24,1.0,0.0,257.0,154.0,199.0,6.466666666666667,2.0998866182543785,0.3115580407978799,0.9692255503239596,736.7857807914611,-556.7857807914611,1
2023-08-22,SKU0001,STORE0001,S005,1,183,0,0,242,5,6.24,1.0,0.0,106.0,116.0,199.1071428571429,6.714285714285714,2.493948720358985,0.3101469645164297,1.41165843199248,794.4773122972933,-552.4773122972933,1
2023-08-23,SKU0001,STORE0001,S029,1,157,0,0,267,8,6.24,1.0,0.0,101.0,196.0,201.5,6.733333333333333,1.624221425205085,0.3115503492149712,1.4635785081835888,606.9129097322589,-339.91290973225887,1
2023-08-24,SKU0001,STORE0001,S012,1,126,0,0,261,6,6.24,1.0,0.0,234.0,208.0,200.1071428571429,6.363636363636363,1.6292775867068985,0.310784030916961,1.370585450789081,620.8920985669943,-359.89209856699426,1
2023-08-25,SKU0001,STORE0001,S007,1,142,0,0,346,8,6.24,1.0,0.0,67.0,144.0,197.17857142857144,5.875,2.0289570391377603,0.3105578259739097,1.9771315592482328,678.4274062523687,-332.42740625236866,1
2023-08-26,SKU0001,STORE0001,S024,0,401,1,0,291,7,4.367999999999999,0.6999999999999998,0.3,218.0,184.0,197.1071428571429,6.416666666666667,2.0207259421636903,0.3111381463742503,1.5669146396904017,715.1077721929021,-424.1077721929021,1
2023-08-27,SKU0001,STORE0001,S055,1,191,0,0,343,7,6.24,1.0,0.0,317.0,226.0,204.8571428571429,7.0625,2.4074537032585557,0.3126593008636436,1.6190078671240256,936.668344536916,-593.6683445369159,1
2023-08-28,SKU0001,STORE0001,S004,1,118,0,0,236,2,6.24,1.0,0.0,157.0,228.0,203.6071428571429,7.0,2.0754980866510833,0.3096189678597921,1.2173850245429831,779.8401791994726,-543.8401791994726,1
2023-08-29,SKU0001,STORE0001,S022,1,194,0,0,405,7,6.24,1.0,0.0,183.0,218.0,199.67857142857144,6.214285714285714,1.8471837786446457,0.3087605458518112,2.1509749189495957,694.1883631949815,-289.18836319498155,1
2023-08-30,SKU0001,STORE0001,S050,1,212,0,0,316,3,6.24,1.0,0.0,157.0,168.0,198.82142857142856,6.2105263157894735,1.548438186920437,0.3116418514693667,1.66440056372916,622.5527853430586,-306.55278534305864,1
2023-08-31,SKU0001,STORE0001,S010,1,90,0,0,332,6,6.24,1.0,0.0,126.0,153.0,200.3928571428571,6.411764705882353,2.1230527410256372,0.3081380225224308,1.679182258471236,797.7228617470561,-465.7228617470561,1
2023-09-01,SKU0001,STORE0001,S001,1,115,0,0,245,4,6.24,1.0,0.0,142.0,168.0,198.1428571428571,6.95,1.6050905860647502,0.3097174709269413,1.2722485862462138,660.9014951813067,-415.9014951813067,1
2023-09-02,SKU0001,STORE0001,S041,0,307,1,0,285,8,4.367999999999999,0.6999999999999998,0.3,401.0,176.0,196.25,6.461538461538462,2.3669736167866557,0.3104917496182471,1.510211528023697,843.3973107017715,-558.3973107017715,1
2023-09-03,SKU0001,STORE0001,S024,1,118,0,0,343,7,6.24,1.0,0.0,191.0,149.0,200.92857142857144,6.461538461538462,1.941450686788302,0.3111381463742503,1.956794052519668,700.5218633001681,-357.5218633001681,1
2023-09-04,SKU0001,STORE0001,S059,1,90,0,0,285,4,6.24,1.0,0.0,118.0,371.0,199.82142857142856,6.24,1.942506971244462,0.3073502992299263,1.7287590109938673,671.7348989803672,-386.7348989803672,1
2023-09-05,SKU0001,STORE0001,S047,0,195,1,0,330,9,5.304,0.85,0.15,194.0,118.0,189.78571428571428,6.923076923076923,1.84668795692624,0.3084207457711594,2.051497015560294,645.8283981330999,-315.8283981330999,1
2023-09-06,SKU0001,STORE0001,S058,1,90,0,0,258,9,6.24,1.0,0.0,212.0,389.0,192.53571428571428,5.875,2.5877458475338284,0.3081638585098428,1.6024745187918088,787.0765380569246,-529.0765380569246,1
2023-09-07,SKU0001,STORE0001,S015,1,100,0,0,314,5,6.24,1.0,0.0,90.0,166.0,181.8571428571429,6.5,1.8618986725025253,0.3079336690316962,2.1870494434367123,580.1693766730992,-266.16937667309924,1
2023-09-08,SKU0001,STORE0001,S022,0,101,1,0,422,10,4.992000000000001,0.8000000000000002,0.2,115.0,170.0,179.5,6.266666666666667,1.7915143899851345,0.3087605458518112,2.9103247563809904,569.7769379257677,-147.7769379257677,1
2023-09-09,SKU0001,STORE0001,S013,1,79,0,0,230,7,6.24,1.0,0.0,307.0,413.0,177.03571428571428,5.769230769230769,1.4806443503784736,0.3087047329885402,1.6083803609764966,505.2013318135746,-275.2013318135746,1
2023-09-10,SKU0001,STORE0001,S050,0,236,1,0,213,10,4.992000000000001,0.8000000000000002,0.2,118.0,157.0,165.10714285714286,6.05,1.669383750149485,0.3116418514693667,1.9288311748793991,449.0504121565071,-236.05041215650715,1
2023-09-11,SKU0001,STORE0001,S006,0,259,1,0,248,5,5.304,0.85,0.15,90.0,257.0,167.92857142857142,6.25,1.943274501832843,0.3102734775273436,1.9483573080795096,531.3068968234423,-283.30689682344234,1
2023-09-12,SKU0001,STORE0001,S013,1,114,0,0,326,10,6.24,1.0,0.0,195.0,106.0,168.0,5.857142857142857,1.4600918230947435,0.3087047329885402,2.1528159719699964,491.6767801802563,-165.6767801802563,1
2023-09-13,SKU0001,STORE0001,S047,1,120,0,0,207,10,6.24,1.0,0.0,90.0,101.0,168.28571428571428,7.071428571428571,1.859043828435456,0.3084207457711594,1.480071133301396,560.8576896840809,-353.8576896840809,1
2023-09-14,SKU0001,STORE0001,S008,1,141,0,0,262,4,6.24,1.0,0.0,100.0,234.0,168.96428571428572,6.466666666666667,1.6846647257229663,0.3054273182188654,1.817628619028411,527.6895446586678,-265.68954465866784,1
2023-09-15,SKU0001,STORE0001,S033,1,153,0,0,207,3,6.24,1.0,0.0,101.0,67.0,165.64285714285714,6.866666666666666,1.5522640914238175,0.3108705289145506,1.3799908000613328,519.8156392582481,-312.8156392582481,1
2023-09-16,SKU0001,STORE0001,S018,1,123,0,0,344,4,6.24,1.0,0.0,79.0,218.0,168.71428571428572,7.230769230769231,1.640825308284734,0.3110723409070097,2.1851040873606067,550.9999057324937,-206.99990573249377,1
2023-09-17,SKU0001,STORE0001,S024,1,135,0,0,295,5,6.24,1.0,0.0,236.0,317.0,165.32142857142858,6.5,1.8708286933869709,0.3111381463742503,1.8019087143446768,603.8015973096553,-308.80159730965534,1
2023-09-18,SKU0001,STORE0001,S059,1,107,0,0,313,6,6.24,1.0,0.0,259.0,157.0,158.82142857142858,6.153846153846154,1.953300953612785,0.3073502992299263,2.096636673247165,566.061010199825,-253.06101019982495,1
2023-09-19,SKU0001,STORE0001,S027,1,95,0,0,299,3,6.24,1.0,0.0,114.0,183.0,157.03571428571428,6.428571428571429,2.4405007592795287,0.307628289113354,2.3437666222101283,598.7287878463113,-299.7287878463113,1
2023-09-20,SKU0001,STORE0001,S002,0,114,1,0,323,4,5.6160000000000005,0.9,0.1,120.0,157.0,153.89285714285714,6.083333333333333,1.9752253419585195,0.3090145913461446,2.5869358025736635,506.8195842279454,-183.81958422794543,1
2023-09-21,SKU0001,STORE0001,S022,1,87,0,0,302,9,6.24,1.0,0.0,141.0,126.0,152.35714285714286,6.5,1.96638416050035,0.3087605458518112,2.4354642301271765,510.2812724953998,-208.28127249539975,1
2023-09-22,SKU0001,STORE0001,S040,1,152,0,0,295,5,6.24,1.0,0.0,153.0,142.0,150.96428571428572,8.23076923076923,2.0878156908535677,0.3095310466806659,2.536833221335934,536.801222553559,-241.801222553559,1
2023-09-23,SKU0001,STORE0001,S054,1,84,0,0,95,7,6.24,1.0,0.0,123.0,401.0,151.32142857142858,6.9411764705882355,2.2491828581535485,0.305787461747223,0.8179511369520803,541.6639964549267,-446.66399645492675,1
2023-09-24,SKU0001,STORE0001,S040,1,117,0,0,315,5,6.24,1.0,0.0,135.0,191.0,140.0,8.0,2.1838568563966754,0.3095310466806659,2.8488114448577337,482.96408633205033,-167.96408633205033,1
2023-09-25,SKU0001,STORE0001,S015,1,134,0,0,189,10,6.24,1.0,0.0,107.0,118.0,137.35714285714286,6.411764705882353,1.8391174353957036,0.3079336690316962,1.7499837964463292,407.0108476675383,-218.01084766753831,1
2023-09-26,SKU0001,STORE0001,S019,1,138,0,0,346,8,6.24,1.0,0.0,95.0,194.0,137.92857142857142,7.0,2.129162589689508,0.3086162017218525,3.0932035090363175,466.6421077344873,-120.6421077344873,1
2023-09-27,SKU0001,STORE0001,S043,1,89,0,0,358,4,6.24,1.0,0.0,114.0,212.0,135.92857142857142,6.045454545454546,2.298597351331847,0.3082406769329207,3.033872594300048,502.9909188686075,-144.99091886860748,1
2023-09-28,SKU0001,STORE0001,S010,0,267,1,0,401,4,5.304,0.85,0.15,87.0,90.0,131.53571428571428,6.388888888888889,2.0619490747659373,0.3081380225224308,3.5043389133927665,452.33894934191267,-51.33894934191267,1
2023-09-29,SKU0001,STORE0001,S016,1,74,0,0,222,7,6.24,1.0,0.0,152.0,115.0,137.85714285714286,6.666666666666667,1.4999999999999998,0.3096568195019532,1.584086555957297,431.3760595752392,-209.3760595752392,1
2023-09-30,SKU0001,STORE0001,S010,1,117,0,0,362,9,6.24,1.0,0.0,84.0,307.0,136.39285714285714,6.2631578947368425,2.077447826946374,0.3081380225224308,2.8061797970558366,509.442199205308,-147.44219920530804,1
2023-10-01,SKU0001,STORE0001,S009,0,42,0,1,374,4,6.24,1.0,0.0,117.0,118.0,129.60714285714286,6.466666666666667,2.474633209954462,0.3124787998854249,2.7969876293660194,587.0242143661083,-213.02421436610825,1
2023-10-02,SKU0001,STORE0001,S047,1,128,0,0,475,3,6.24,1.0,0.0,134.0,90.0,126.89285714285714,7.266666666666667,1.9444671200491876,0.3084207457711594,3.861757221486004,461.9187699044929,13.081230095507124,0
2023-10-03,SKU0001,STORE0001,S046,1,102,0,0,300,6,6.24,1.0,0.0,138.0,195.0,128.25,6.333333333333333,1.5886502207249784,0.3098725276053832,2.456120242290414,389.667682342496,-89.667682342496,1
2023-10-04,SKU0001,STORE0001,S046,1,93,0,0,223,8,6.24,1.0,0.0,89.0,90.0,124.92857142857144,6.3125,1.5370426148939391,0.3098725276053832,1.9059666156699515,366.9090990359294,-143.9090990359294,1
2023-10-05,SKU0001,STORE0001,S008,1,102,0,0,355,8,6.24,1.0,0.0,267.0,100.0,125.03571428571428,6.3125,1.7404501333467346,0.3054273182188654,3.019415387718452,400.5563301273248,-45.55633012732483,1
2023-10-06,SKU0001,STORE0001,S001,1,82,0,0,209,5,6.24,1.0,0.0,74.0,101.0,125.10714285714286,6.809523809523809,1.6917165134574887,0.3097174709269413,2.2233806023340175,344.7971919724993,-135.79719197249932,1
2023-10-07,SKU0001,STORE0001,S039,1,171,0,0,296,7,6.24,1.0,0.0,117.0,79.0,124.42857142857144,6.92,1.2556538801224908,0.3090501345727116,3.111078412088762,300.98040345614896,-4.980403456148963,1
2023-10-08,SKU0001,STORE0001,S006,1,141,0,0,332,6,6.24,1.0,0.0,42.0,236.0,127.71428571428572,6.190476190476191,1.9136103997169231,0.3102734775273436,3.22774639691003,389.3966545823623,-57.39665458236232,1
2023-10-09,SKU0001,STORE0001,S057,1,60,0,0,278,9,6.24,1.0,0.0,128.0,259.0,124.32142857142856,6.5,2.0330600909302543,0.3115580407978799,2.376048067965231,441.2770224661013,-163.27702246610124,1
2023-10-10,SKU0001,STORE0001,S010,1,101,0,0,365,6,6.24,1.0,0.0,102.0,114.0,117.21428571428572,6.4,2.112618729145617,0.3081380225224308,3.40209878203532,412.27328912579645,-47.27328912579645,1
2023-10-11,SKU0001,STORE0001,S059,1,126,0,0,205,4,6.24,1.0,0.0,93.0,120.0,116.75,6.148148148148148,1.9155979926685216,0.3073502992299263,1.9133154757222264,379.1585231426567,-174.1585231426567,1
2023-10-12,SKU0001,STORE0001,S057,1,109,0,0,382,7,6.24,1.0,0.0,102.0,141.0,116.96428571428572,6.647058823529412,2.059768690611528,0.3115580407978799,3.415039712288651,419.53248474930905,-37.53248474930905,1
2023-10-13,SKU0001,STORE0001,S038,1,174,0,0,216,5,6.24,1.0,0.0,82.0,153.0,115.82142857142856,6.375,2.1563858652847827,0.3087086212806351,1.913907091962476,437.1333514463838,-221.1333514463838,1
2023-10-14,SKU0001,STORE0001,S018,1,86,0,0,272,9,6.24,1.0,0.0,171.0,123.0,116.57142857142856,7.0,1.7974340685458343,0.3110723409070097,2.1587130260870944,416.9089116833867,-144.9089116833867,1
2023-10-15,SKU0001,STORE0001,S059,1,85,0,0,219,4,6.24,1.0,0.0,141.0,135.0,115.25,6.071428571428571,1.923125762505588,0.3073502992299263,1.9234460926942925,400.8533990675839,-181.85339906758395,1
2023-10-16,SKU0001,STORE0001,S017,1,90,0,0,334,7,6.24,1.0,0.0,60.0,107.0,113.46428571428572,6.428571428571429,2.31098665955893,0.3056916624951722,3.155165875626006,441.7493136370007,-107.74931363700068,1
2023-10-17,SKU0001,STORE0001,S057,1,152,0,0,224,5,6.24,1.0,0.0,101.0,95.0,112.85714285714286,6.666666666666667,2.0,0.3115580407978799,2.0337039741532825,407.24841686438634,-183.24841686438631,1
2023-10-18,SKU0001,STORE0001,S048,1,72,0,0,297,7,6.24,1.0,0.0,126.0,114.0,114.89285714285714,6.304347826086956,1.6633695978261511,0.3102185270687608,2.5291755423007345,369.4242755087233,-72.42427550872333,1
2023-10-19,SKU0001,STORE0001,S015,1,88,0,0,288,6,6.24,1.0,0.0,109.0,87.0,113.39285714285714,6.611111111111111,1.9745107774984456,0.3079336690316962,2.6249760744368213,403.9051839871061,-115.90518398710611,1
2023-10-20,SKU0001,STORE0001,S047,1,105,0,0,191,5,6.24,1.0,0.0,174.0,152.0,113.42857142857144,7.0,2.160246899469287,0.3084207457711594,1.7898091985751137,426.73411371663747,-235.73411371663747,1
2023-10-21,SKU0001,STORE0001,S007,1,72,0,0,322,5,6.24,1.0,0.0,86.0,84.0,111.75,6.0,2.03100960115899,0.3105578259739097,3.3244494525867725,369.4901022534508,-47.4901022534508,1
2023-10-22,SKU0001,STORE0001,S051,1,178,0,0,208,10,6.24,1.0,0.0,85.0,117.0,111.32142857142856,6.571428571428571,1.7484687178050562,0.3096633370683461,2.192747968018409,330.9978887653276,-122.99788876532762,1
2023-10-23,SKU0001,STORE0001,S053,0,178,1,0,453,6,5.6160000000000005,0.9,0.1,90.0,134.0,113.5,6.947368421052632,1.8700470644857616,0.3087142855453137,4.188864832161394,388.58249849473754,64.41750150526246,0
2023-10-24,SKU0001,STORE0001,S018,1,132,0,0,292,7,6.24,1.0,0.0,152.0,138.0,115.07142857142856,7.133333333333334,1.807392228230128,0.3110723409070097,2.418914872894544,415.8715949951496,-123.87159499514962,1
2023-10-25,SKU0001,STORE0001,S059,0,151,1,0,381,6,5.304,0.85,0.15,72.0,89.0,114.85714285714286,6.0,1.9272482233188633,0.3073502992299263,3.232699843758901,420.4533079015608,-39.45330790156078,1
2023-10-26,SKU0001,STORE0001,S045,0,237,1,0,378,4,5.304,0.85,0.15,88.0,267.0,117.07142857142856,6.166666666666667,2.0816659994661326,0.3114594527853183,2.9269684858634943,484.146206304251,-106.146206304251,1
2023-10-27,SKU0001,STORE0001,S042,1,80,0,0,278,6,6.24,1.0,0.0,105.0,74.0,116.0,6.666666666666667,1.6143297699232972,0.3102639347664808,1.8480408962143653,442.469767585038,-164.46976758503803,1
2023-10-28,SKU0001,STORE0001,S052,0,160,1,0,243,7,5.304,0.85,0.15,72.0,117.0,116.21428571428572,7.125,1.1474609652039005,0.3097156951286978,1.6546579935739736,338.56013306391435,-95.56013306391436,1
2023-10-29,SKU0001,STORE0001,S005,0,308,1,0,391,6,4.367999999999999,0.6999999999999998,0.3,178.0,42.0,117.75,6.6,2.443650664769531,0.3101469645164297,2.452493577549245,670.0840703317143,-279.0840703317143,1
2023-10-30,SKU0001,STORE0001,S018,1,114,0,0,228,8,6.24,1.0,0.0,178.0,128.0,127.25,7.125,1.746424919657298,0.3110723409070097,1.280891680383818,567.2748816022753,-339.2748816022753,1
2023-10-31,SKU0001,STORE0001,S056,1,71,0,0,284,7,6.24,1.0,0.0,132.0,102.0,126.75,6.3076923076923075,2.626296993379823,0.3101551934335325,1.6818851326599589,766.4860906819656,-482.4860906819656,1
2023-11-01,SKU0001,STORE0001,S002,1,85,0,0,365,6,6.24,1.0,0.0,151.0,93.0,125.64285714285714,5.923076923076923,1.9774368283857793,0.3090145913461446,2.279200754321784,568.6751894979909,-203.6751894979909,1
2023-11-02,SKU0001,STORE0001,S052,0,333,1,0,224,9,4.367999999999999,0.6999999999999998,0.3,237.0,102.0,125.35714285714286,7.117647058823529,1.1114378604524224,0.3097156951286978,1.486246062822332,370.602345439662,-146.60234543966197,1
2023-11-03,SKU0001,STORE0001,S058,1,142,0,0,416,9,6.24,1.0,0.0,80.0,82.0,133.60714285714286,6.222222222222222,2.6352313834736494,0.3081638585098428,2.529958549339839,768.0902829841204,-352.09028298412045,1
2023-11-04,SKU0001,STORE0001,S035,1,128,0,0,292,4,6.24,1.0,0.0,160.0,171.0,135.75,6.133333333333334,1.88477610139267,0.3110709114976189,1.685068593998221,605.310828413916,-313.31082841391606,1
2023-11-05,SKU0001,STORE0001,S060,1,107,0,0,206,7,6.24,1.0,0.0,308.0,141.0,134.21428571428572,7.272727272727272,2.2401298663653,0.3097472067067326,1.2209919162206488,691.4286626623319,-485.42866266233193,1
2023-11-06,SKU0001,STORE0001,S051,0,222,1,0,369,9,4.367999999999999,0.6999999999999998,0.3,114.0,60.0,133.0,6.7272727272727275,1.8563101696342252,0.3096633370683461,2.6356954593181476,516.547426025272,-147.547426025272,1
2023-11-07,SKU0001,STORE0001,S032,1,91,0,0,401,7,6.24,1.0,0.0,71.0,101.0,138.78571428571428,6.125,2.0615528128088303,0.3112641384052953,2.579946636372744,596.7118163314476,-195.7118163314476,1
2023-11-08,SKU0001,STORE0001,S033,0,196,1,0,356,8,5.304,0.85,0.15,85.0,126.0,138.42857142857142,6.625,1.7841898254763513,0.3108705289145506,2.2490832639143976,548.1748723392163,-192.1748723392163,1
2023-11-09,SKU0001,STORE0001,S015,1,51,0,0,403,8,6.24,1.0,0.0,333.0,109.0,140.92857142857142,6.578947368421052,1.923994383038815,0.3079336690316962,2.31417867165652,624.8064992217561,-221.8064992217561,1
2023-11-10,SKU0001,STORE0001,S017,1,74,0,0,280,8,6.24,1.0,0.0,142.0,174.0,138.85714285714286,6.466666666666667,2.2318047362958033,0.3056916624951722,2.091766657026042,575.1688871304416,-295.1688871304416,1
2023-11-11,SKU0001,STORE0001,S045,0,159,1,0,253,7,4.992000000000001,0.8000000000000002,0.2,128.0,86.0,135.28571428571428,6.0,2.0816659994661326,0.3114594527853183,2.037958267309699,514.6865613940122,-261.6865613940122,1
2023-11-12,SKU0001,STORE0001,S059,1,196,0,0,204,8,6.24,1.0,0.0,107.0,85.0,137.89285714285714,6.0,1.8937283058959975,0.3073502992299263,1.5866543260219086,493.19059009383807,-289.19059009383807,1
2023-11-13,SKU0001,STORE0001,S052,1,125,0,0,397,5,6.24,1.0,0.0,222.0,90.0,141.85714285714286,7.222222222222222,1.1659661762602749,0.3097156951286978,2.8098891109971924,415.3253858763642,-18.32538587636418,1
2023-11-14,SKU0001,STORE0001,S055,1,51,0,0,266,9,6.24,1.0,0.0,91.0,152.0,143.10714285714286,7.0588235294117645,2.3310563119349488,0.3126593008636436,2.0874275650303193,578.6695043132042,-312.66950431320424,1
2023-11-15,SKU0001,STORE0001,S013,0,109,1,0,315,6,5.304,0.85,0.15,196.0,72.0,139.5,6.133333333333334,1.7674302033770737,0.3087047329885402,2.5880069060465467,461.72892930812384,-146.72892930812384,1
2023-11-16,SKU0001,STORE0001,S044,1,122,0,0,363,5,6.24,1.0,0.0,51.0,88.0,140.82142857142858,6.052631578947368,1.4709665835968126,0.3084681754509043,3.3215382342906663,392.6441019002158,-29.64410190021573,1
2023-11-17,SKU0001,STORE0001,S054,1,112,0,0,200,5,6.24,1.0,0.0,74.0,105.0,142.03571428571428,6.944444444444445,2.1820719301839553,0.305787461747223,1.6746271263278896,528.5093666869495,-328.50936668694953,1
2023-11-18,SKU0001,STORE0001,S041,0,303,1,0,280,8,4.367999999999999,0.6999999999999998,0.3,159.0,72.0,142.28571428571428,6.571428571428571,2.3109866595589295,0.3104917496182471,2.242544968175312,561.8821388890576,-281.8821388890576,1
2023-11-19,SKU0001,STORE0001,S030,0,340,1,0,198,11,4.992000000000001,0.8000000000000002,0.2,196.0,178.0,150.53571428571428,5.875,1.246423454758225,0.3091998150166138,1.3614837618994762,424.625156788564,-226.62515678856403,1
2023-11-20,SKU0001,STORE0001,S057,0,271,1,0,302,6,5.304,0.85,0.15,125.0,178.0,156.32142857142858,6.578947368421052,1.9809029779843168,0.3115580407978799,1.8192661489991024,647.1562441340905,-345.15624413409046,1
2023-11-21,SKU0001,STORE0001,S054,0,172,1,0,122,7,4.367999999999999,0.6999999999999998,0.3,51.0,132.0,159.64285714285714,6.842105263157895,2.1670040223194182,0.305787461747223,0.6529017046544857,764.4114049822607,-642.4114049822607,1
2023-11-22,SKU0001,STORE0001,S031,1,91,0,0,431,5,6.24,1.0,0.0,109.0,151.0,161.07142857142858,6.0,3.0748244591432297,0.3111676780723122,2.11125627796085,1092.3631828120472,-661.3631828120472,1
2023-11-23,SKU0001,STORE0001,S038,1,91,0,0,415,7,6.24,1.0,0.0,122.0,237.0,158.92857142857142,6.294117647058823,2.1143765594836976,0.3087086212806351,2.0588133155965913,789.9166304606025,-374.9166304606025,1
2023-11-24,SKU0001,STORE0001,S049,1,128,0,0,410,7,6.24,1.0,0.0,112.0,80.0,153.71428571428572,5.583333333333333,2.1933093855190746,0.3095444907552158,2.079699595726688,789.034187924528,-379.03418792452806,1
2023-11-25,SKU0001,STORE0001,S035,0,197,1,0,387,8,5.304,0.85,0.15,303.0,160.0,155.42857142857142,6.0,1.8973665961010275,0.3110709114976189,1.9405346821326828,713.3732335366468,-326.3732335366468,1
2023-11-26,SKU0001,STORE0001,S010,1,131,0,0,292,7,6.24,1.0,0.0,340.0,308.0,156.75,6.380952380952381,2.0609752661347125,0.3081380225224308,1.5844875260366804,721.4289183849444,-429.4289183849444,1
2023-11-27,SKU0001,STORE0001,S045,0,241,1,0,439,6,4.992000000000001,0.8000000000000002,0.2,271.0,114.0,150.42857142857142,6.071428571428571,2.017778127403648,0.3114594527853183,2.8427197973741154,609.5832202846667,-170.5832202846667,1
2023-11-28,SKU0001,STORE0001,S056,1,28,0,0,280,5,6.24,1.0,0.0,172.0,71.0,154.96428571428572,6.357142857142857,2.530039308212207,0.3101551934335325,1.864878159707785,713.5735995027486,-433.5735995027486,1
2023-11-29,SKU0001,STORE0001,S020,0,281,1,0,163,5,5.6160000000000005,0.9,0.1,91.0,85.0,153.42857142857142,6.6875,2.4958298553119898,0.3082092919427658,1.25798367598045,642.7819046340355,-479.7819046340355,1
2023-11-30,SKU0001,STORE0001,S003,0,138,1,0,240,12,5.304,0.85,0.15,91.0,333.0,160.42857142857142,6.434782608695652,1.753595966643756,0.3112102997232034,1.5314396352985895,579.5142010083658,-339.51420100836583,1
2023-12-01,SKU0001,STORE0001,S049,1,78,0,0,398,7,6.24,1.0,0.0,128.0,142.0,153.46428571428572,5.6923076923076925,2.1363760352762253,0.3095444907552158,2.435299784004818,655.3586614633425,-257.3586614633425,1
2023-12-02,SKU0001,STORE0001,S010,1,175,0,0,236,8,6.24,1.0,0.0,197.0,128.0,151.17857142857142,6.409090909090909,2.015631554320026,0.3081380225224308,1.5100451825262544,619.3334968612359,-383.33349686123586,1
2023-12-03,SKU0001,STORE0001,S007,1,118,0,0,305,5,6.24,1.0,0.0,131.0,107.0,152.85714285714286,5.944444444444445,1.9844164121302832,0.3105578259739097,1.991591472816875,597.1547559648785,-292.1547559648785,1
2023-12-04,SKU0001,STORE0001,S060,1,124,0,0,421,4,6.24,1.0,0.0,241.0,222.0,153.25,7.25,2.137330535547045,0.3097472067067326,2.7827955811434677,642.0659150936477,-221.06591509364773,1
2023-12-05,SKU0001,STORE0001,S008,1,79,0,0,395,9,6.24,1.0,0.0,28.0,91.0,149.75,6.411764705882353,1.7341721198244626,0.3054273182188654,2.935222349727762,508.3260759586808,-113.3260759586808,1
2023-12-06,SKU0001,STORE0001,S028,1,119,0,0,253,6,6.24,1.0,0.0,281.0,196.0,149.32142857142858,7.217391304347826,2.043982781886438,0.3083420165975531,1.7834718184262548,594.9594499270132,-341.9594499270132,1
2023-12-07,SKU0001,STORE0001,S060,1,109,0,0,355,7,6.24,1.0,0.0,138.0,51.0,146.57142857142858,7.0,2.23606797749979,0.3097472067067326,2.9903478550722196,558.6803532055014,-203.68035320550143,1
2023-12-08,SKU0001,STORE0001,S034,1,92,0,0,286,5,6.24,1.0,0.0,78.0,74.0,148.64285714285714,6.933333333333334,1.791514389985135,0.3083804457553219,2.496237564011287,477.8627364745209,-191.8627364745209,1
2023-12-09,SKU0001,STORE0001,S010,1,199,0,0,199,8,6.24,1.0,0.0,175.0,159.0,149.28571428571428,6.478260869565218,1.9970333729034473,0.3081380225224308,1.707093198955401,502.1821329688803,-303.18213296888035,1
2023-12-10,SKU0001,STORE0001,S015,1,100,0,0,320,4,6.24,1.0,0.0,118.0,196.0,150.71428571428572,6.65,1.8994459025837256,0.3079336690316962,2.666644444629628,500.4159490828523,-180.41594908285236,1
2023-12-11,SKU0001,STORE0001,S006,1,75,0,0,164,5,6.24,1.0,0.0,124.0,125.0,147.28571428571428,6.181818181818182,1.867934016280417,0.3102734775273436,1.3965817809337389,482.08920834299744,-318.08920834299744,1
2023-12-12,SKU0001,STORE0001,S014,1,151,0,0,273,7,6.24,1.0,0.0,79.0,51.0,145.5,7.055555555555555,1.924217861647939,0.3103407898821775,2.47216390019754,491.91448012250174,-218.91448012250177,1
2023-12-13,SKU0001,STORE0001,S032,1,125,0,0,194,6,6.24,1.0,0.0,119.0,109.0,149.07142857142858,6.176470588235294,2.007339474206065,0.3112641384052953,1.6070872785669232,508.2434724946637,-314.24347249466365,1
2023-12-14,SKU0001,STORE0001,S040,1,119,0,0,232,7,6.24,1.0,0.0,109.0,122.0,149.64285714285714,7.8,2.2424476423255526,0.3095310466806659,1.9083274285640424,570.8404763595851,-338.84047635958507,1
2023-12-15,SKU0001,STORE0001,S037,1,105,0,0,291,7,6.24,1.0,0.0,92.0,112.0,149.53571428571428,6.333333333333333,1.932183566158592,0.3084542729455699,2.365834424110373,504.1607306793415,-213.16073067934155,1
2023-12-16,SKU0001,STORE0001,S056,1,120,0,0,267,7,6.24,1.0,0.0,199.0,303.0,149.28571428571428,6.266666666666667,2.463060426921489,0.3101551934335325,2.138426808938601,597.6559718587386,-330.65597185873855,1
2023-12-17,SKU0001,STORE0001,S044,1,144,0,0,209,5,6.24,1.0,0.0,100.0,340.0,142.75,6.0,1.450952500220023,0.3084681754509043,1.840235368996751,393.5704661761775,-184.5704661761775,1
2023-12-18,SKU0001,STORE0001,S058,1,147,0,0,351,10,6.24,1.0,0.0,75.0,271.0,135.75,6.5,2.6352313834736494,0.3081638585098428,2.928461860270534,576.9920637758283,-225.9920637758283,1
2023-12-19,SKU0001,STORE0001,S048,1,166,0,0,413,10,6.24,1.0,0.0,151.0,172.0,131.32142857142858,6.333333333333333,1.632993161855452,0.3102185270687608,3.173411400790554,413.22818065119594,-0.2281806511959416,1
2023-12-20,SKU0001,STORE0001,S034,1,30,0,0,290,6,6.24,1.0,0.0,125.0,91.0,131.10714285714286,6.8125,1.796988221070652,0.3083804457553219,2.192208050263119,452.7068892009796,-162.70688920097962,1
2023-12-21,SKU0001,STORE0001,S006,1,84,0,0,433,5,6.24,1.0,0.0,119.0,91.0,128.92857142857142,6.130434782608695,1.8415494421345544,0.3102734775273436,3.647382031679637,425.8449457066973,7.155054293302726,0
2023-12-22,SKU0001,STORE0001,S033,1,112,0,0,407,8,6.24,1.0,0.0,105.0,128.0,128.67857142857142,6.705882352941177,1.759428383110298,0.3108705289145506,3.579114254020379,406.6975176428339,0.3024823571661272,0
2023-12-23,SKU0001,STORE0001,S007,1,61,0,0,484,11,6.24,1.0,0.0,120.0,197.0,128.10714285714286,5.894736842105263,1.940639552143836,0.3105578259739097,4.219141302628744,429.7486488669951,54.2513511330049,0
2023-12-24,SKU0001,STORE0001,S042,1,107,0,0,279,9,6.24,1.0,0.0,144.0,131.0,123.25,6.615384615384615,1.556623564988313,0.3102639347664808,2.624975302651722,360.2241184814179,-81.22411848141792,1
2023-12-25,SKU0001,STORE0001,S001,1,110,0,0,223,7,6.24,1.0,0.0,147.0,241.0,122.39285714285714,6.7272727272727275,1.6954229190555594,0.3097174709269413,2.2078989316937454,368.9555100453948,-145.95551004539482,1
2023-12-26,SKU0001,STORE0001,S003,0,38,0,1,337,7,6.24,1.0,0.0,166.0,28.0,117.71428571428572,6.666666666666667,2.057154359296116,0.3112102997232034,3.5208587372967743,389.32605177834654,-52.32605177834654,1
2023-12-27,SKU0001,STORE0001,S052,1,88,0,0,368,7,6.24,1.0,0.0,30.0,281.0,118.07142857142856,7.105263157894737,1.242521488394791,0.3097156951286978,4.752706145861584,270.25134972353084,97.74865027646916,0
2023-12-28,SKU0001,STORE0001,S044,0,162,1,0,292,6,4.992000000000001,0.8000000000000002,0.2,84.0,138.0,111.17857142857144,5.9523809523809526,1.4309504001254014,0.3084681754509043,3.406626922685902,254.643516513396,37.35648348660402,0
2023-12-29,SKU0001,STORE0001,S037,1,126,0,0,202,8,6.24,1.0,0.0,112.0,78.0,112.03571428571428,6.363636363636363,1.8909673650694176,0.3084542729455699,2.0855241907531927,343.57915223721153,-141.57915223721153,1
2023-12-30,SKU0001,STORE0001,S025,1,120,0,0,264,6,6.24,1.0,0.0,61.0,175.0,113.75,6.636363636363637,1.9159842564581977,0.3052289813924146,2.670493217554158,353.3220780895598,-89.3220780895598,1
2023-12-31,SKU0001,STORE0001,S010,1,106,0,0,163,6,6.24,1.0,0.0,107.0,118.0,111.78571428571428,6.541666666666667,1.97768346407052,0.3081380225224308,1.5192934286897457,383.17348617820335,-220.17348617820335,1
2021-01-08,SKU0001,STORE0002,S012,1,61,0,0,282,7,6.24,1.0,0.0,56.0,,112.71428571428572,6.461538461538462,1.5607361839521232,0.310784030916961,2.501878944039787,389.1744552421572,-107.1744552421572,1
2021-01-09,SKU0001,STORE0002,S023,1,115,0,0,308,6,6.24,1.0,0.0,55.0,,106.25,6.7272727272727275,1.6382865085151266,0.3074041161280592,2.7153413005175016,400.13611260153925,-92.13611260153924,1
2021-01-10,SKU0001,STORE0002,S060,1,97,0,0,226,8,6.24,1.0,0.0,126.0,,107.22222222222224,7.0,2.1483446221182985,0.3097472067067326,1.852443832427603,497.3559442093606,-271.35594420936053,1
2021-01-11,SKU0001,STORE0002,S013,1,75,0,0,231,8,6.24,1.0,0.0,216.0,,106.2,6.125,1.7078251276599332,0.3087047329885402,1.959983369838074,396.74031296122587,-165.74031296122587,1
2021-01-12,SKU0001,STORE0002,S035,0,131,1,0,387,5,4.367999999999999,0.6999999999999998,0.3,90.0,,103.36363636363636,6.222222222222222,1.8959881966484036,0.3110709114976189,3.960485784502205,371.4989964068982,15.50100359310187,0
2021-01-13,SKU0001,STORE0002,S026,0,178,1,0,266,6,5.6160000000000005,0.9,0.1,74.0,,105.66666666666669,7.08,2.0800641015763595,0.3104833780269682,2.5682510651621295,416.75514974598207,-150.75514974598207,1
2021-01-14,SKU0001,STORE0002,S060,1,84,0,0,322,6,6.24,1.0,0.0,172.0,,111.23076923076924,7.066666666666666,2.086236073022646,0.3097472067067326,2.7189155218230967,466.0856894543173,-144.08568945431728,1
2021-01-15,SKU0001,STORE0002,S059,1,91,0,0,240,6,6.24,1.0,0.0,61.0,,109.28571428571428,6.066666666666666,1.9286109586656035,0.3073502992299263,2.267185060330064,393.44588544116726,-153.44588544116726,1
2021-01-16,SKU0001,STORE0002,S008,1,136,0,0,179,7,6.24,1.0,0.0,115.0,,108.06666666666666,6.555555555555555,1.7895849739771974,0.3054273182188654,1.6251473722028464,384.2386065807479,-205.2386065807479,1
2021-01-17,SKU0001,STORE0002,S043,0,125,1,0,316,4,5.6160000000000005,0.9,0.1,97.0,,109.8125,5.956521739130435,2.285890732884612,0.3082406769329207,2.792904608166342,467.3360707889729,-151.3360707889729,1
2021-01-18,SKU0001,STORE0002,S034,0,120,1,0,338,7,5.6160000000000005,0.9,0.1,75.0,,110.70588235294116,6.764705882352941,1.7510501051050011,0.3083804457553219,2.8853412226968795,391.7164597773347,-53.716459777334705,1
2021-01-19,SKU0001,STORE0002,S008,1,89,0,0,353,7,6.24,1.0,0.0,131.0,,111.22222222222224,6.578947368421052,1.7421503147829251,0.3054273182188654,2.856624281653212,402.31832258230867,-49.31832258230867,1
2021-01-20,SKU0001,STORE0002,S029,1,91,0,0,201,5,6.24,1.0,0.0,178.0,,110.05263157894736,6.8125,1.600781059358212,0.3115503492149712,1.709584487130729,363.0642050720023,-162.06420507200232,1
2021-01-21,SKU0001,STORE0002,S050,1,51,0,0,310,8,6.24,1.0,0.0,84.0,,109.1,6.238095238095238,1.841324574993825,0.3116418514693667,2.9483415239257234,364.7527927189892,-54.75279271898921,1
2021-01-22,SKU0001,STORE0002,S016,1,59,0,0,286,6,6.24,1.0,0.0,91.0,,106.33333333333331,6.7,1.4181364924121764,0.3096568195019532,2.847766807442885,299.6431109270166,-13.643110927016608,1
2021-01-23,SKU0001,STORE0002,S008,1,108,0,0,312,5,6.24,1.0,0.0,136.0,,104.1818181818182,6.6,1.6982963599783722,0.3054273182188654,3.2548095623443567,326.2010672811806,-14.2010672811806,1
2021-01-24,SKU0001,STORE0002,S017,1,102,0,0,308,6,6.24,1.0,0.0,125.0,,104.34782608695652,6.5625,2.1899391163530857,0.3056916624951722,3.3529961571180404,377.74719897247354,-69.74719897247354,1
2021-01-25,SKU0001,STORE0002,S058,0,131,1,0,361,8,4.992000000000001,0.8000000000000002,0.2,120.0,,104.25,6.818181818181818,2.7136021011998723,0.3081638585098428,4.075760434962831,435.4275893724864,-74.42758937248641,1
2021-01-26,SKU0001,STORE0002,S015,1,98,0,0,292,5,6.24,1.0,0.0,89.0,,105.32,6.523809523809524,1.9395630337539331,0.3079336690316962,3.239266759322797,336.7083573660098,-44.70835736600981,1
2021-01-27,SKU0001,STORE0002,S004,1,92,0,0,229,7,6.24,1.0,0.0,91.0,,105.03846153846152,6.666666666666667,2.3804761428476167,0.3096189678597921,2.5046601052800983,398.2172726030001,-169.21727260300008,1
2021-01-28,SKU0001,STORE0002,S040,1,72,0,0,337,9,6.24,1.0,0.0,51.0,,104.55555555555556,7.75,2.1756225162774294,0.3095310466806659,3.680147018675303,375.8915216626847,-38.89152166268468,1
2021-01-29,SKU0001,STORE0002,S053,1,86,0,0,237,4,6.24,1.0,0.0,59.0,56.0,103.39285714285714,6.9,1.832455930395628,0.3087142855453137,2.5060157974160395,333.1205456723538,-96.12054567235378,1
2021-01-30,SKU0001,STORE0002,S050,0,134,1,0,289,7,5.6160000000000005,0.9,0.1,108.0,55.0,104.46428571428572,6.318181818181818,1.8357913471116127,0.3116418514693667,2.9361095025159396,338.19526470256443,-49.19526470256443,1
2021-01-31,SKU0001,STORE0002,S003,1,107,0,0,322,5,6.24,1.0,0.0,102.0,126.0,107.28571428571428,6.68,2.0149441679609885,0.3112102997232034,3.152416689626815,375.5735624316747,-53.5735624316747,1
2021-02-01,SKU0001,STORE0002,S047,0,148,1,0,446,8,5.304,0.85,0.15,131.0,216.0,106.60714285714286,6.882352941176471,2.147159546388451,0.3084207457711594,4.33606895488516,398.81289487214,47.18710512786003,0
2021-02-02,SKU0001,STORE0002,S012,1,86,0,0,161,6,6.24,1.0,0.0,98.0,90.0,104.17857142857144,6.5,1.5063966175050876,0.310784030916961,1.5291577963302925,294.03679708799166,-133.03679708799166,1
2021-02-03,SKU0001,STORE0002,S004,1,65,0,0,171,9,6.24,1.0,0.0,92.0,74.0,104.03571428571428,6.6875,2.301267766543766,0.3096189678597921,1.6510185418899403,416.222373341072,-245.222373341072,1
2021-02-04,SKU0001,STORE0002,S026,1,74,0,0,264,6,6.24,1.0,0.0,72.0,172.0,103.71428571428572,7.038461538461538,2.049014772631359,0.3104833780269682,2.647537918674168,365.57445000812646,-101.57445000812646,1
2021-02-05,SKU0001,STORE0002,S033,1,69,0,0,350,7,6.24,1.0,0.0,86.0,61.0,100.21428571428572,6.777777777777778,1.7339365466222858,0.3108705289145506,3.4999650003499965,313.5098977775868,36.49010222241321,0
2021-02-06,SKU0001,STORE0002,S005,0,199,1,0,266,8,5.6160000000000005,0.9,0.1,134.0,115.0,100.5,6.5625,2.365551380404436,0.3101469645164297,2.726179965944712,400.719187347472,-134.71918734747197,1
2021-02-07,SKU0001,STORE0002,S036,0,71,1,0,195,8,5.6160000000000005,0.9,0.1,107.0,97.0,103.5,6.722222222222222,1.7423971167384034,0.304556316101683,1.8248492326943464,341.4060865764349,-146.40608657643492,1
2021-02-08,SKU0001,STORE0002,S014,1,40,0,0,355,4,6.24,1.0,0.0,148.0,75.0,102.57142857142856,6.85,2.0332758116684,0.3103407898821775,3.49013422620845,373.8070360930023,-18.807036093002296,1
2021-02-09,SKU0001,STORE0002,S028,0,95,1,0,295,4,5.6160000000000005,0.9,0.1,86.0,131.0,101.32142857142856,7.166666666666667,2.0144406207413397,0.3083420165975531,3.4188345499307125,329.94556704349674,-34.94556704349674,1
2021-02-10,SKU0001,STORE0002,S039,1,71,0,0,454,6,6.24,1.0,0.0,65.0,178.0,100.03571428571428,6.923076923076923,1.2303845552696742,0.3090501345727116,5.184280114256444,238.10318492912037,215.89681507087963,0
2021-02-11,SKU0001,STORE0002,S008,1,82,0,0,384,11,6.24,1.0,0.0,74.0,84.0,96.21428571428572,6.523809523809524,1.6917165134574887,0.3054273182188654,4.3424387769443635,284.3481395324037,99.6518604675963,0
2021-02-12,SKU0001,STORE0002,S009,1,72,0,0,278,6,6.24,1.0,0.0,69.0,91.0,96.14285714285714,6.3125,2.4689741459426693,0.3124787998854249,3.1036336117459613,390.4674309229992,-112.4674309229992,1
2021-02-13,SKU0001,STORE0002,S017,1,131,0,0,162,7,6.24,1.0,0.0,199.0,136.0,95.46428571428572,6.529411764705882,2.124783726018472,0.3056916624951722,1.7999800002222195,346.2602659567831,-184.2602659567831,1
2021-02-14,SKU0001,STORE0002,S034,1,56,0,0,215,7,6.24,1.0,0.0,71.0,125.0,95.28571428571428,6.777777777777778,1.699673171197595,0.3083804457553219,2.6779025884019236,267.48074282377235,-52.480742823772346,1
2021-02-15,SKU0001,STORE0002,S040,0,148,1,0,277,5,5.304,0.85,0.15,40.0,120.0,92.82142857142856,7.823529411764706,2.128241472367711,0.3095310466806659,3.544744399980256,315.8360210015869,-38.836021001586914,1
2021-02-16,SKU0001,STORE0002,S044,1,78,0,0,316,6,6.24,1.0,0.0,95.0,89.0,93.82142857142856,5.954545454545454,1.3965015038360855,0.3084681754509043,3.3770631458900437,257.81221818254755,58.187781817452446,0
2021-02-17,SKU0001,STORE0002,S030,1,80,0,0,423,5,6.24,1.0,0.0,71.0,91.0,93.42857142857144,6.444444444444445,2.068278940998476,0.3091998150166138,4.641014910494713,344.2581735839616,78.7418264160384,0
2021-02-18,SKU0001,STORE0002,S051,1,94,0,0,340,2,6.24,1.0,0.0,82.0,51.0,93.03571428571428,6.826086956521739,1.8745223370487911,0.3096633370683461,3.6784764307032223,323.8834784655272,16.11652153447278,0
2021-02-19,SKU0001,STORE0002,S007,1,85,0,0,369,7,6.24,1.0,0.0,72.0,59.0,94.57142857142856,6.15,2.207046132634963,0.3105578259739097,3.919533479917512,370.5095908379794,-1.509590837979374,1
2021-02-20,SKU0001,STORE0002,S043,0,22,0,1,95,3,6.24,1.0,0.0,131.0,108.0,95.5,5.875,2.2710369208033967,0.3082406769329207,0.9895730252809866,384.1324073445022,-289.1324073445022,1
2021-02-21,SKU0001,STORE0002,S016,0,194,1,0,266,6,4.992000000000001,0.8000000000000002,0.2,56.0,102.0,92.42857142857144,6.636363636363637,1.3618169680781094,0.3096568195019532,3.3072412954013,237.69104894442137,28.30895105557866,0
2021-02-22,SKU0001,STORE0002,S049,0,194,1,0,289,7,4.992000000000001,0.8000000000000002,0.2,148.0,131.0,95.71428571428572,5.785714285714286,2.0821058655036815,0.3095444907552158,2.885848500799564,380.6996125552528,-91.69961255525284,1
2021-02-23,SKU0001,STORE0002,S032,1,74,0,0,332,6,6.24,1.0,0.0,78.0,98.0,97.96428571428572,6.052631578947368,1.9571431620413329,0.3112641384052953,3.1110819577326585,389.3604923796096,-57.36049237960958,1
2021-02-24,SKU0001,STORE0002,S014,1,72,0,0,325,5,6.24,1.0,0.0,80.0,92.0,97.10714285714286,6.714285714285714,2.0770858707058104,0.3103407898821775,3.0618823241234603,411.266643391305,-86.26664339130502,1
2021-02-25,SKU0001,STORE0002,S036,0,26,0,1,377,7,6.24,1.0,0.0,94.0,72.0,96.39285714285714,6.7894736842105265,1.7184924714030627,0.304556316101683,3.590441995790516,355.3432431813275,21.656756818672477,0
2021-02-26,SKU0001,STORE0002,S035,1,90,0,0,433,6,6.24,1.0,0.0,85.0,86.0,94.75,6.157894736842105,1.863782232592187,0.3110709114976189,4.544180196009936,350.21587016624426,82.78412983375574,0
2021-02-27,SKU0001,STORE0002,S048,1,113,0,0,421,3,6.24,1.0,0.0,22.0,134.0,94.89285714285714,6.48,1.7587874611030558,0.3102185270687608,4.3853709857188985,341.01122412403294,79.98877587596706,0
2021-02-28,SKU0001,STORE0002,S032,1,151,0,0,523,9,6.24,1.0,0.0,194.0,107.0,94.14285714285714,6.05,1.9049796241485244,0.3112641384052953,4.798121118154879,390.83016799929663,132.16983200070337,0
2021-03-01,SKU0001,STORE0002,S045,1,78,0,0,249,5,6.24,1.0,0.0,194.0,148.0,95.71428571428572,6.0,1.8973665961010275,0.3114594527853183,2.4208097976825225,374.93795051274,-125.93795051273996,1
2021-03-02,SKU0001,STORE0002,S010,1,92,0,0,252,6,6.24,1.0,0.0,74.0,86.0,93.21428571428572,6.52,1.9390719429665315,0.3081380225224308,2.920495954517083,338.5152623946957,-86.5152623946957,1
2021-03-03,SKU0001,STORE0002,S017,1,40,0,0,322,5,6.24,1.0,0.0,72.0,65.0,93.42857142857144,6.555555555555555,2.064325049137546,0.3056916624951722,3.623753430427631,360.7722402913742,-38.7722402913742,1
2021-03-04,SKU0001,STORE0002,S041,0,170,1,0,423,7,4.992000000000001,0.8000000000000002,0.2,26.0,74.0,92.53571428571428,6.666666666666667,2.257263408474539,0.3104917496182471,5.018584525268343,372.9801777385879,50.01982226141211,0
2021-03-05,SKU0001,STORE0002,S003,1,113,0,0,268,2,6.24,1.0,0.0,90.0,69.0,95.96428571428572,6.615384615384615,2.001537870277214,0.3112102997232034,2.5558339361886193,404.63549566652785,-136.63549566652785,1
2021-03-06,SKU0001,STORE0002,S049,0,102,1,0,224,5,5.6160000000000005,0.9,0.1,113.0,199.0,97.53571428571428,5.866666666666666,2.0307165050320353,0.3095444907552158,2.071315060494817,412.130406058361,-188.13040605836105,1
2021-03-07,SKU0001,STORE0002,S045,1,77,0,0,336,10,6.24,1.0,0.0,151.0,71.0,94.07142857142856,5.9411764705882355,1.8530578861470477,0.3114594527853183,3.1527854296273357,372.6410627912217,-36.641062791221714,1
2021-03-08,SKU0001,STORE0002,S051,0,153,1,0,160,3,5.304,0.85,0.15,78.0,40.0,94.28571428571428,6.625,2.08123082312617,0.3096633370683461,1.6666493057363985,380.7435762410986,-220.7435762410986,1
2021-03-09,SKU0001,STORE0002,S003,0,150,1,0,306,3,4.992000000000001,0.8000000000000002,0.2,92.0,95.0,98.32142857142856,6.444444444444445,2.154303980645638,0.3112102997232034,2.8674430092355228,423.336862324528,-117.336862324528,1
2021-03-10,SKU0001,STORE0002,S051,1,30,0,0,278,7,6.24,1.0,0.0,40.0,71.0,100.28571428571428,6.48,2.1625602111078126,0.3096633370683461,2.417370283736663,453.3994889049674,-175.39948890496743,1
2021-03-11,SKU0001,STORE0002,S009,1,122,0,0,281,8,6.24,1.0,0.0,170.0,82.0,98.82142857142856,6.294117647058823,2.391775122224938,0.3124787998854249,2.4741920511391724,489.4467992961405,-208.4467992961405,1
2021-03-12,SKU0001,STORE0002,S020,1,75,0,0,245,3,6.24,1.0,0.0,113.0,72.0,100.25,6.5,2.4070973488953085,0.3082092919427658,2.295828553146088,468.7287314450627,-223.72873144506275,1
2021-03-13,SKU0001,STORE0002,S016,0,170,1,0,284,6,4.992000000000001,0.8000000000000002,0.2,102.0,131.0,100.35714285714286,6.583333333333333,1.3113721705515065,0.3096568195019532,2.8039215409720915,297.4980399952584,-13.49803999525841,1
2021-03-14,SKU0001,STORE0002,S010,1,82,0,0,276,10,6.24,1.0,0.0,77.0,56.0,101.75,6.5,1.9026297590440449,0.3081380225224308,2.486464085909136,404.8693250760052,-128.86932507600517,1
2021-03-15,SKU0001,STORE0002,S017,1,76,0,0,296,8,6.24,1.0,0.0,153.0,148.0,102.67857142857144,6.473684210526316,2.0376571801031034,0.3056916624951722,2.6495926507051726,426.92495436258105,-130.92495436258105,1
2021-03-16,SKU0001,STORE0002,S001,1,71,0,0,416,9,6.24,1.0,0.0,150.0,78.0,100.10714285714286,6.739130434782608,1.6574183458386509,0.3097174709269413,4.130455442286388,343.07730714586836,72.92269285413164,0
2021-03-17,SKU0001,STORE0002,S057,1,56,0,0,369,8,6.24,1.0,0.0,30.0,80.0,99.85714285714286,6.55,1.932410548076104,0.3115580407978799,4.126151943987846,349.58333222857925,19.416667771420748,0
2021-03-18,SKU0001,STORE0002,S022,1,88,0,0,509,6,6.24,1.0,0.0,122.0,94.0,99.0,6.647058823529412,1.99816091915129,0.3087605458518112,5.4646652566613545,369.89711110945814,139.10288889054186,0
2021-03-19,SKU0001,STORE0002,S003,1,73,0,0,206,9,6.24,1.0,0.0,75.0,85.0,98.78571428571428,6.321428571428571,2.211980366743146,0.3112102997232034,2.333306904290728,379.9012292779851,-173.90122927798512,1
2021-03-20,SKU0001,STORE0002,S045,0,259,1,0,347,3,5.6160000000000005,0.9,0.1,170.0,22.0,98.35714285714286,6.166666666666667,2.0364328674251486,0.3114594527853183,3.9431370098067062,356.69442990422004,-9.694429904220044,1
2021-03-21,SKU0001,STORE0002,S050,0,180,1,0,312,6,4.367999999999999,0.6999999999999998,0.3,82.0,194.0,106.82142857142856,6.3478260869565215,1.7992093125030306,0.3116418514693667,3.0978415817147917,376.6489196965685,-64.64891969656844,1
2021-03-22,SKU0001,STORE0002,S018,1,58,0,0,470,6,6.24,1.0,0.0,76.0,194.0,106.32142857142856,7.176470588235294,1.7042334830374275,0.3110723409070097,4.097100025279979,402.1736661850625,67.82633381493753,0
2021-03-23,SKU0001,STORE0002,S037,1,76,0,0,403,4,6.24,1.0,0.0,71.0,74.0,101.46428571428572,6.434782608695652,1.8787347521070408,0.3084542729455699,3.5935985284207654,410.6995111340237,-7.69951113402368,1
2021-03-24,SKU0001,STORE0002,S006,1,66,0,0,262,6,6.24,1.0,0.0,56.0,72.0,101.53571428571428,6.083333333333333,1.815792237365102,0.3102734775273436,2.321498417102633,399.3466689095305,-137.34666890953048,1
2021-03-25,SKU0001,STORE0002,S007,1,85,0,0,295,4,6.24,1.0,0.0,88.0,26.0,101.32142857142856,6.190476190476191,2.159144451375304,0.3105578259739097,2.581227414260125,460.390997703605,-165.39099770360502,1
2021-03-26,SKU0001,STORE0002,S016,1,71,0,0,343,8,6.24,1.0,0.0,73.0,90.0,103.42857142857144,6.538461538461538,1.2659242088545832,0.3096568195019532,3.0125205926673164,318.8968024829199,24.103197517080105,0
2021-03-27,SKU0001,STORE0002,S051,1,84,0,0,294,9,6.24,1.0,0.0,259.0,113.0,102.75,6.5,2.1213203435596424,0.3096633370683461,2.588656452081554,451.0602674339295,-157.06026743392948,1
2021-03-28,SKU0001,STORE0002,S035,0,124,1,0,354,4,4.992000000000001,0.8000000000000002,0.2,180.0,151.0,101.71428571428572,6.15,1.814415956487898,0.3110709114976189,3.996729069187929,336.79778148953534,17.20221851046466,0
2021-03-29,SKU0001,STORE0002,S004,1,22,0,0,267,6,6.24,1.0,0.0,58.0,78.0,100.75,6.823529411764706,2.2976970567735604,0.3096189678597921,3.3137886586514,373.90250463749186,-106.90250463749186,1
2021-03-30,SKU0001,STORE0002,S048,1,49,0,0,245,9,6.24,1.0,0.0,76.0,92.0,98.75,6.346153846153846,1.853479057174538,0.3102185270687608,3.2480629991647834,316.261209526613,-71.26120952661302,1
2021-03-31,SKU0001,STORE0002,S057,1,66,0,0,156,7,6.24,1.0,0.0,66.0,40.0,97.21428571428572,6.619047619047619,1.9098740920854045,0.3115580407978799,2.179610264926438,318.2265824056737,-162.2265824056737,1
2021-04-01,SKU0001,STORE0002,S035,0,116,1,0,155,10,4.992000000000001,0.8000000000000002,0.2,85.0,170.0,98.14285714285714,6.0476190476190474,1.8296499795368095,0.3110709114976189,2.1656384042538326,302.18647699814005,-147.18647699814005,1
2021-04-02,SKU0001,STORE0002,S005,1,84,0,0,266,4,6.24,1.0,0.0,71.0,113.0,96.21428571428572,6.647058823529412,2.3168183050950564,0.3101469645164297,3.4999539479743684,360.7563070276444,-94.75630702764444,1
2021-04-03,SKU0001,STORE0002,S042,1,146,0,0,503,3,6.24,1.0,0.0,84.0,102.0,95.17857142857144,6.785714285714286,1.625686668105863,0.3102639347664808,6.460467480234198,300.3266346501088,202.6733653498912,0
2021-04-04,SKU0001,STORE0002,S036,1,152,0,0,283,6,6.24,1.0,0.0,124.0,77.0,96.75,6.8,1.6733200530681511,0.304556316101683,3.2635537975674085,325.1010053850663,-42.10100538506629,1
2021-04-05,SKU0001,STORE0002,S006,0,143,1,0,282,6,5.6160000000000005,0.9,0.1,22.0,153.0,99.42857142857144,6.08,1.7776388834631178,0.3102734775273436,3.1086271489920585,339.9318795674487,-57.931879567448675,1
2021-04-06,SKU0001,STORE0002,S015,1,73,0,0,86,7,6.24,1.0,0.0,49.0,150.0,99.07142857142856,6.454545454545454,1.9204977709728503,0.3079336690316962,0.7962889232507107,404.9740195958488,-318.9740195958488,1
2021-04-07,SKU0001,STORE0002,S031,1,96,0,0,218,5,6.24,1.0,0.0,66.0,30.0,96.32142857142856,5.923076923076923,2.9569561619323586,0.3111676780723122,1.9563926990398803,580.7877961621768,-362.7877961621769,1
2021-04-08,SKU0001,STORE0002,S037,1,75,0,0,304,11,6.24,1.0,0.0,116.0,122.0,98.67857142857144,6.333333333333333,1.9034674690672024,0.3084542729455699,2.6271377901672457,416.90919297833625,-112.90919297833624,1
2021-04-09,SKU0001,STORE0002,S030,1,73,0,0,305,6,6.24,1.0,0.0,84.0,75.0,97.0,6.3,2.0027758514399734,0.3091998150166138,2.7763076278889525,416.2541441296434,-111.2541441296434,1
2021-04-10,SKU0001,STORE0002,S044,0,149,1,0,212,8,4.992000000000001,0.8000000000000002,0.2,146.0,170.0,96.92857142857144,5.956521739130435,1.364426648468646,0.3084681754509043,1.9577655615317535,314.16564560763965,-102.16564560763965,1
2021-04-11,SKU0001,STORE0002,S042,1,62,0,0,366,5,6.24,1.0,0.0,152.0,82.0,96.17857142857144,6.533333333333333,1.8464895909600496,0.3102639347664808,3.366591897315005,388.6355615716245,-22.63556157162452,1
2021-04-12,SKU0001,STORE0002,S055,1,94,0,0,394,7,6.24,1.0,0.0,143.0,76.0,95.46428571428572,7.166666666666667,2.307277489112375,0.3126593008636436,4.1102402806528096,423.3186350810081,-29.318635081008097,1
2021-04-13,SKU0001,STORE0002,S010,1,78,0,0,243,7,6.24,1.0,0.0,73.0,71.0,96.10714285714286,6.62962962962963,1.9835505878280328,0.3081380225224308,2.734695911782343,356.2183331524703,-113.21833315247028,1
2021-04-14,SKU0001,STORE0002,S018,0,173,1,0,68,6,5.304,0.85,0.15,96.0,56.0,96.35714285714286,7.111111111111111,1.6764419215528672,0.3110723409070097,0.7591621784126812,326.4357017778237,-258.4357017778237,1
2021-04-15,SKU0001,STORE0002,S053,1,84,0,0,437,7,6.24,1.0,0.0,75.0,88.0,100.53571428571428,6.761904761904762,1.894855189843327,0.3087142855453137,4.345127250155183,379.9819563878699,57.0180436121301,0
2021-04-16,SKU0001,STORE0002,S041,1,82,0,0,270,9,6.24,1.0,0.0,73.0,73.0,100.39285714285714,6.6875,2.182315284279519,0.3104917496182471,2.6507453643512613,423.806702041774,-153.80670204177397,1
2021-04-17,SKU0001,STORE0002,S051,1,93,0,0,203,7,6.24,1.0,0.0,149.0,259.0,100.71428571428572,6.592592592592593,2.135042050734495,0.3096633370683461,1.9681249627773691,419.764839911376,-216.764839911376,1
2021-04-18,SKU0001,STORE0002,S057,0,271,1,0,154,6,4.367999999999999,0.6999999999999998,0.3,62.0,180.0,94.78571428571428,6.636363636363637,1.8656150408161596,0.3115580407978799,1.6186016062894233,335.9484793028088,-181.9484793028088,1
2021-04-19,SKU0001,STORE0002,S005,1,76,0,0,262,5,6.24,1.0,0.0,94.0,58.0,98.03571428571428,6.5,2.3326329481056884,0.3101469645164297,2.095983232134143,522.8672700901037,-260.8672700901037,1
2021-04-20,SKU0001,STORE0002,S058,1,58,0,0,138,6,6.24,1.0,0.0,78.0,76.0,98.67857142857144,6.916666666666667,2.6097137890209456,0.3081638585098428,1.127178657817264,567.2280222314282,-429.2280222314282,1
2021-04-21,SKU0001,STORE0002,S029,0,115,1,0,347,8,5.6160000000000005,0.9,0.1,173.0,66.0,98.03571428571428,6.705882352941177,1.6110829386763792,0.3115503492149712,2.902006793252625,379.8520252523478,-32.8520252523478,1
2021-04-22,SKU0001,STORE0002,S017,1,139,0,0,213,6,6.24,1.0,0.0,84.0,85.0,99.78571428571428,6.55,2.01246117974981,0.3056916624951722,1.9139750990684292,422.2072136363833,-209.2072136363833,1
2021-04-23,SKU0001,STORE0002,S012,1,61,0,0,413,3,6.24,1.0,0.0,82.0,71.0,101.71428571428572,6.466666666666667,1.4573295865416045,0.310784030916961,3.466397764047544,352.1988576005159,60.80114239948409,0
2021-04-24,SKU0001,STORE0002,S009,1,84,0,0,206,5,6.24,1.0,0.0,93.0,84.0,101.35714285714286,6.388888888888889,2.3549419597915633,0.3124787998854249,1.7736624653908268,495.5643800433966,-289.5643800433966,1
2021-04-25,SKU0001,STORE0002,S043,0,118,1,0,338,4,5.304,0.85,0.15,271.0,124.0,101.35714285714286,5.76,2.2963739532866447,0.3082406769329207,2.9427604486030594,476.643826412493,-138.64382641249307,1
2021-04-26,SKU0001,STORE0002,S056,1,119,0,0,115,7,6.24,1.0,0.0,76.0,22.0,101.14285714285714,6.3125,2.3865945054267876,0.3101551934335325,1.2365458435930796,418.793096661122,-303.793096661122,1
2021-04-27,SKU0001,STORE0002,S027,1,123,0,0,267,7,6.24,1.0,0.0,58.0,49.0,104.60714285714286,6.2,2.512824250576573,0.307628289113354,2.6930564100938463,453.4076800240444,-186.4076800240444,1
2021-04-28,SKU0001,STORE0002,S057,1,104,0,0,210,7,6.24,1.0,0.0,115.0,66.0,107.25,6.608695652173913,1.8275450606254833,0.3115580407978799,1.936741031373887,379.4172592290152,-169.4172592290152,1
2021-04-29,SKU0001,STORE0002,S057,1,77,0,0,330,9,6.24,1.0,0.0,139.0,116.0,108.60714285714286,6.625,1.7891581697887249,0.3115580407978799,3.0882063937904323,368.0933425859323,-38.093342585932305,1
2021-04-30,SKU0001,STORE0002,S021,1,40,0,0,270,10,6.24,1.0,0.0,61.0,84.0,107.21428571428572,6.4375,1.5903353943953669,0.3092303186261287,2.755073927817063,318.8583195479466,-48.85831954794662,1
2021-05-01,SKU0001,STORE0002,S017,1,111,0,0,312,9,6.24,1.0,0.0,84.0,146.0,105.64285714285714,6.523809523809524,1.9651729597938097,0.3056916624951722,3.2841759560425676,365.34687914410887,-53.34687914410887,1
2021-05-02,SKU0001,STORE0002,S036,1,68,0,0,397,6,6.24,1.0,0.0,118.0,152.0,104.39285714285714,6.761904761904762,1.6402671094904606,0.304556316101683,4.015855330943184,332.3557125203082,64.6442874796918,0
2021-05-03,SKU0001,STORE0002,S035,1,112,0,0,311,8,6.24,1.0,0.0,119.0,143.0,101.39285714285714,6.2272727272727275,1.9744033018277696,0.3110709114976189,3.3909287593437454,352.5973685286187,-41.59736852861869,1
2021-05-04,SKU0001,STORE0002,S022,1,79,0,0,295,10,6.24,1.0,0.0,123.0,73.0,100.28571428571428,6.611111111111111,1.9444911292248124,0.3087605458518112,3.2519326558604864,347.59356647660604,-52.59356647660604,1
2021-05-05,SKU0001,STORE0002,S008,1,94,0,0,230,4,6.24,1.0,0.0,104.0,96.0,100.5,6.7272727272727275,1.9069251784911845,0.3054273182188654,2.7241640115937713,327.28724392193095,-97.28724392193097,1
2021-05-06,SKU0001,STORE0002,S055,0,207,1,0,223,3,4.992000000000001,0.8000000000000002,0.2,77.0,75.0,100.42857142857144,7.157894736842105,2.242596657021024,0.3126593008636436,2.6867146178961696,365.0042372466654,-142.0042372466654,1
2021-05-07,SKU0001,STORE0002,S004,1,61,0,0,310,7,6.24,1.0,0.0,40.0,73.0,105.14285714285714,6.777777777777778,2.237528982541326,0.3096189678597921,3.0520093332414446,429.36283124119126,-119.36283124119126,1
2021-05-08,SKU0001,STORE0002,S007,1,70,0,0,326,8,6.24,1.0,0.0,111.0,149.0,104.71428571428572,6.090909090909091,2.158242029525108,0.3105578259739097,3.117456527055069,422.5316459876467,-96.53164598764675,1
2021-05-09,SKU0001,STORE0002,S001,1,138,0,0,338,3,6.24,1.0,0.0,68.0,62.0,101.89285714285714,6.833333333333333,1.6854019432007687,0.3097174709269413,3.423988469002485,345.5460619602051,-7.546061960205122,1
2021-05-10,SKU0001,STORE0002,S057,1,83,0,0,431,6,6.24,1.0,0.0,112.0,94.0,104.60714285714286,6.72,1.8147543451754933,0.3115580407978799,3.9644839009365223,385.9357763717603,45.06422362823969,0
2021-05-11,SKU0001,STORE0002,S009,1,49,0,0,355,6,6.24,1.0,0.0,79.0,78.0,104.21428571428572,6.315789473684211,2.3106668488879367,0.3124787998854249,3.394776279461808,446.73108641111816,-91.73108641111816,1
2021-05-12,SKU0001,STORE0002,S005,1,104,0,0,252,9,6.24,1.0,0.0,94.0,173.0,103.17857142857144,6.421052631578948,2.2928824526173313,0.3101469645164297,2.5127954564555623,432.1474501635615,-180.14745016356147,1
2021-05-13,SKU0001,STORE0002,S049,0,204,1,0,433,9,5.304,0.85,0.15,207.0,84.0,100.71428571428572,5.8125,1.973786547054502,0.3095444907552158,4.256980619572561,381.4718545114943,51.528145488505686,0
2021-05-14,SKU0001,STORE0002,S042,0,132,1,0,117,7,4.367999999999999,0.6999999999999998,0.3,61.0,82.0,105.0,6.4375,1.824600412875835,0.3102639347664808,1.1551366911751222,372.8660484081176,-255.8660484081176,1
2021-05-15,SKU0001,STORE0002,S049,1,64,0,0,248,8,6.24,1.0,0.0,70.0,93.0,106.78571428571428,6.0,2.0615528128088303,0.3095444907552158,2.225621052118763,432.02908502336095,-184.02908502336095,1
2021-05-16,SKU0001,STORE0002,S008,0,183,1,0,233,9,4.992000000000001,0.8000000000000002,0.2,138.0,271.0,105.75,6.608695652173913,1.947939014230696,0.3054273182188654,2.1072160846090537,417.99372800366183,-184.99372800366183,1
2021-05-17,SKU0001,STORE0002,S051,1,104,0,0,336,7,6.24,1.0,0.0,83.0,76.0,102.60714285714286,6.607142857142857,2.0965454074507055,0.3096633370683461,2.8717703267493437,444.768015602537,-108.768015602537,1
2021-05-18,SKU0001,STORE0002,S015,1,58,0,0,184,7,6.24,1.0,0.0,49.0,58.0,103.60714285714286,6.478260869565218,1.8797863809339248,0.3079336690316962,1.5333205556620362,413.99758304466206,-229.9975830446621,1
2021-05-19,SKU0001,STORE0002,S043,1,85,0,0,317,6,6.24,1.0,0.0,104.0,115.0,103.60714285714286,5.6923076923076925,2.27629929085313,0.3082406769329207,2.613641583638297,486.19870538901256,-169.19870538901256,1
2021-05-20,SKU0001,STORE0002,S013,0,162,1,0,244,9,4.367999999999999,0.6999999999999998,0.3,204.0,139.0,102.53571428571428,6.235294117647059,1.7149858514250886,0.3087047329885402,2.0578139702436244,379.8987489585667,-135.89874895856673,1
2021-05-21,SKU0001,STORE0002,S018,1,88,0,0,508,5,6.24,1.0,0.0,132.0,61.0,103.35714285714286,7.052631578947368,1.6490294859747157,0.3110723409070097,4.51265026833518,362.3259307168303,145.67406928316967,0
2021-05-22,SKU0001,STORE0002,S003,1,99,0,0,432,5,6.24,1.0,0.0,64.0,84.0,104.32142857142856,6.413793103448276,2.2283440581246223,0.3112102997232034,4.06447788797686,430.999134153332,1.0008658466680345,0
2021-05-23,SKU0001,STORE0002,S029,0,173,1,0,268,8,4.992000000000001,0.8000000000000002,0.2,183.0,118.0,104.85714285714286,6.777777777777778,1.592465921901722,0.3115503492149712,2.408194021363094,346.63547578000095,-78.63547578000095,1
2021-05-24,SKU0001,STORE0002,S033,1,31,0,0,171,8,6.24,1.0,0.0,104.0,119.0,106.82142857142856,6.7894736842105265,1.6858544608470492,0.3108705289145506,1.5565528012098715,362.0509136585092,-191.0509136585092,1
2021-05-25,SKU0001,STORE0002,S005,1,97,0,0,268,6,6.24,1.0,0.0,58.0,123.0,103.67857142857144,6.55,2.3050288273114594,0.3101469645164297,2.6953751901920526,427.6534173354872,-159.65341733548723,1
2021-05-26,SKU0001,STORE0002,S017,0,147,1,0,285,5,4.992000000000001,0.8000000000000002,0.2,85.0,104.0,102.75,6.636363636363637,1.9891480479617287,0.3056916624951722,2.7142598641917695,398.6700408336865,-113.67004083368651,1
2021-05-27,SKU0001,STORE0002,S012,0,130,1,0,217,6,4.992000000000001,0.8000000000000002,0.2,162.0,77.0,104.28571428571428,6.25,1.6532795690182993,0.310784030916961,1.905880374952792,368.09627434786063,-151.09627434786063,1
2021-05-28,SKU0001,STORE0002,S028,1,100,0,0,410,6,6.24,1.0,0.0,88.0,40.0,106.17857142857144,7.04,2.071231517720798,0.3083420165975531,3.7515996585652154,428.16228352876266,-18.162283528762657,1
2021-05-29,SKU0001,STORE0002,S044,0,108,1,0,340,4,4.992000000000001,0.8000000000000002,0.2,99.0,111.0,108.32142857142856,6.041666666666667,1.398109489606424,0.3084681754509043,3.0630354681489353,316.9544308417419,23.045569158258104,0
2021-05-30,SKU0001,STORE0002,S049,0,104,1,0,441,7,4.367999999999999,0.6999999999999998,0.3,173.0,68.0,108.21428571428572,6.111111111111111,2.054804667656325,0.3095444907552158,3.9274459387766263,424.5207413179547,16.479258682045327,0
2021-05-31,SKU0001,STORE0002,S026,1,65,0,0,223,14,6.24,1.0,0.0,31.0,112.0,109.5,7.0,2.0191391920625676,0.3104833780269682,2.1771056628456904,394.6010629718101,-171.6010629718101,1
2021-06-01,SKU0001,STORE0002,S016,1,103,0,0,369,7,6.24,1.0,0.0,97.0,79.0,107.82142857142856,6.642857142857143,1.27744594087896,0.3096568195019532,3.439382056358995,299.4373012674274,69.56269873257258,0
2021-06-02,SKU0001,STORE0002,S012,1,29,0,0,352,12,6.24,1.0,0.0,147.0,94.0,108.67857142857144,6.235294117647059,1.6019289842524966,0.310784030916961,3.2549236664918553,342.5587994152211,9.441200584778926,0
2021-06-03,SKU0001,STORE0002,S060,0,2,0,1,279,10,6.24,1.0,0.0,130.0,207.0,106.35714285714286,7.0,2.033060090930254,0.3097472067067326,3.056304547524518,371.492994701441,-92.49299470144098,1
2021-06-04,SKU0001,STORE0002,S032,0,171,1,0,296,5,5.304,0.85,0.15,100.0,61.0,99.03571428571428,6.190476190476191,1.9651729597938097,0.3112641384052953,4.054738976178408,307.71252402371124,-11.71252402371124,1
2021-06-05,SKU0001,STORE0002,S021,1,179,0,0,261,3,6.24,1.0,0.0,108.0,70.0,102.96428571428572,6.647058823529412,1.7656860023298393,0.3092303186261287,3.1391375017826246,319.99156695828674,-58.99156695828674,1
2021-06-06,SKU0001,STORE0002,S037,1,151,0,0,273,4,6.24,1.0,0.0,104.0,138.0,106.85714285714286,6.52,2.0840665376454113,0.3084542729455699,2.9264617377761644,385.47888053335015,-112.47888053335016,1
2021-06-07,SKU0001,STORE0002,S013,1,122,0,0,200,7,6.24,1.0,0.0,65.0,83.0,107.32142857142856,6.388888888888889,1.7868437137915394,0.3087047329885402,1.999980000199998,363.7644816093947,-163.7644816093947,1
2021-06-08,SKU0001,STORE0002,S057,1,192,0,0,332,7,6.24,1.0,0.0,103.0,49.0,108.71428571428572,6.6923076923076925,1.7836867610481562,0.3115580407978799,3.0699848218048182,385.44001853006694,-53.440018530066936,1
2021-06-09,SKU0001,STORE0002,S060,1,124,0,0,390,8,6.24,1.0,0.0,29.0,104.0,113.82142857142856,7.176470588235294,2.0986690460160413,0.3097472067067326,3.2269236542960043,477.2235388090127,-87.22353880901272,1
2021-06-10,SKU0001,STORE0002,S017,1,67,0,0,400,6,6.24,1.0,0.0,2.0,204.0,114.53571428571428,6.565217391304348,1.973139790387662,0.3056916624951722,2.9755357824118205,489.5455394012903,-89.54553940129028,1
2021-06-11,SKU0001,STORE0002,S033,0,1,0,1,323,7,6.24,1.0,0.0,171.0,132.0,109.64285714285714,6.85,1.663066286617647,0.3108705289145506,2.2474992718738536,448.65158127608794,-125.65158127608794,1
2021-06-12,SKU0001,STORE0002,S031,1,156,0,0,374,11,6.24,1.0,0.0,179.0,64.0,104.96428571428572,5.857142857142857,2.8516430582855445,0.3111676780723122,3.1315527262331533,601.016500896337,-227.016500896337,1
2021-06-13,SKU0001,STORE0002,S021,1,179,0,0,185,5,6.24,1.0,0.0,151.0,183.0,108.25,6.444444444444445,1.9165600993392,0.3092303186261287,1.5928522140645776,430.4723526506831,-245.47235265068315,1
2021-06-14,SKU0001,STORE0002,S024,1,120,0,0,316,8,6.24,1.0,0.0,122.0,104.0,108.10714285714286,6.4,1.8439088914585775,0.3111381463742503,2.630180248202453,428.13360904497733,-112.13360904497732,1
2021-06-15,SKU0001,STORE0002,S044,0,139,1,0,334,9,5.304,0.85,0.15,192.0,58.0,108.67857142857144,5.96,1.4282856857085695,0.3084681754509043,2.786627525157716,355.1428698035184,-21.14286980351841,1
2021-06-16,SKU0001,STORE0002,S016,0,44,1,1,260,10,5.304,0.85,0.15,124.0,85.0,111.57142857142856,6.666666666666667,1.2344267996967353,0.3096568195019532,2.3155010069884874,320.74084914411156,-60.74084914411157,1
2021-06-17,SKU0001,STORE0002,S021,1,157,0,0,174,5,6.24,1.0,0.0,67.0,162.0,110.10714285714286,6.368421052631579,1.8918106058538344,0.3092303186261287,1.7251953592528118,387.11917921752985,-213.11917921752985,1
2021-06-18,SKU0001,STORE0002,S043,1,101,0,0,319,5,6.24,1.0,0.0,1.0,88.0,109.92857142857144,5.703703703703703,2.2328804235236124,0.3082406769329207,2.8052517126105676,469.7727417582505,-150.77274175825045,1
2021-06-19,SKU0001,STORE0002,S022,1,150,0,0,397,5,6.24,1.0,0.0,156.0,99.0,110.39285714285714,6.7894736842105265,2.0433889978394295,0.3087605458518112,3.1015382692322717,489.6241843720471,-92.62418437204713,1
2021-06-20,SKU0001,STORE0002,S057,1,168,0,0,215,5,6.24,1.0,0.0,179.0,173.0,112.21428571428572,6.703703703703703,1.7500508743113907,0.3115580407978799,1.69099793597129,434.17435565568314,-219.17435565568312,1
2021-06-21,SKU0001,STORE0002,S040,1,154,0,0,292,7,6.24,1.0,0.0,120.0,31.0,112.03571428571428,7.666666666666667,2.169304578186562,0.3095310466806659,2.325351220183685,512.837464569048,-220.83746456904805,1
2021-06-22,SKU0001,STORE0002,S058,1,132,0,0,176,11,6.24,1.0,0.0,139.0,97.0,116.42857142857144,6.846153846153846,2.511511956509924,0.3081638585098428,1.3493872445665809,585.5782995941025,-409.57829959410253,1
2021-06-23,SKU0001,STORE0002,S032,1,106,0,0,326,6,6.24,1.0,0.0,44.0,147.0,117.67857142857144,6.136363636363637,1.9345346320043595,0.3112641384052953,2.518744336412412,464.83572215414034,-138.83572215414034,1
2021-06-24,SKU0001,STORE0002,S035,1,156,0,0,265,6,6.24,1.0,0.0,157.0,130.0,116.21428571428572,6.304347826086956,1.9641047604141235,0.3110709114976189,1.9163084564471125,496.96900330824104,-231.96900330824104,1
2021-06-25,SKU0001,STORE0002,S050,1,70,0,0,379,7,6.24,1.0,0.0,101.0,100.0,117.14285714285714,6.333333333333333,1.7610932046210157,0.3116418514693667,2.74351685148091,456.4630156992697,-77.46301569926965,1
2021-06-26,SKU0001,STORE0002,S029,1,116,0,0,294,3,6.24,1.0,0.0,150.0,108.0,116.07142857142856,6.842105263157895,1.5727950313140984,0.3115503492149712,2.1987015054374592,415.61647222137384,-121.61647222137384,1
2021-06-27,SKU0001,STORE0002,S041,1,139,0,0,208,8,6.24,1.0,0.0,168.0,104.0,116.35714285714286,6.823529411764706,2.186186580488015,0.3104917496182471,1.6141781604799077,517.8703237914928,-309.87032379149275,1
2021-06-28,SKU0001,STORE0002,S045,1,99,0,0,260,4,6.24,1.0,0.0,154.0,65.0,117.60714285714286,6.0,2.1081851067789197,0.3114594527853183,2.0847484613525435,483.97858689877023,-223.97858689877023,1
2021-06-29,SKU0001,STORE0002,S047,0,262,1,0,439,7,5.304,0.85,0.15,132.0,103.0,118.82142857142856,6.944444444444445,2.0996420485468814,0.3084207457711594,3.7566915686540576,464.1705931966349,-25.17059319663491,1
2021-06-30,SKU0001,STORE0002,S038,1,136,0,0,267,7,6.24,1.0,0.0,106.0,29.0,124.5,6.333333333333333,2.0579830217101063,0.3087086212806351,1.9715044298196112,520.4397059320809,-253.43970593208087,1
2021-07-01,SKU0001,STORE0002,S038,1,107,0,0,351,4,6.24,1.0,0.0,156.0,2.0,128.32142857142858,6.368421052631579,2.005839428485116,0.3087086212806351,2.512251957296829,517.1921330160377,-166.1921330160377,1
2021-07-02,SKU0001,STORE0002,S028,1,95,0,0,453,6,6.24,1.0,0.0,70.0,171.0,132.07142857142858,7.0,2.039607805437114,0.3083420165975531,3.413321966357626,497.24464787343413,-44.24464787343413,1
2021-07-03,SKU0001,STORE0002,S016,1,152,0,0,374,7,6.24,1.0,0.0,116.0,179.0,129.35714285714286,6.875,1.454876856186346,0.3096568195019532,2.744214665091556,392.0630012752574,-18.06300127525742,1
2021-07-04,SKU0001,STORE0002,S011,1,137,0,0,332,7,6.24,1.0,0.0,139.0,151.0,128.39285714285714,7.615384615384615,1.9806758753205744,0.3096178624491322,2.347458149285813,513.6353369017438,-181.6353369017438,1
2021-07-05,SKU0001,STORE0002,S058,0,255,1,0,341,7,4.992000000000001,0.8000000000000002,0.2,99.0,122.0,127.89285714285714,7.142857142857143,2.6561146539532237,0.3081638585098428,2.415974785603746,655.2742192889718,-314.27421928897184,1
2021-07-06,SKU0001,STORE0002,S016,1,148,0,0,347,5,6.24,1.0,0.0,262.0,192.0,132.64285714285714,6.882352941176471,1.4090046549415862,0.3096568195019532,2.1232387564062107,447.39123831054934,-100.39123831054934,1
2021-07-07,SKU0001,STORE0002,S034,1,122,0,0,277,6,6.24,1.0,0.0,136.0,124.0,131.07142857142858,6.7894736842105265,1.6525719808972872,0.3083804457553219,1.8825114780773335,462.3046117747542,-185.30461177475425,1
2021-07-08,SKU0001,STORE0002,S054,1,140,0,0,259,7,6.24,1.0,0.0,107.0,67.0,131.0,6.85,2.1095023109728985,0.305787461747223,1.784436524551504,555.3939692031331,-296.3939692031331,1
2021-07-09,SKU0001,STORE0002,S028,0,236,1,0,281,7,5.6160000000000005,0.9,0.1,95.0,1.0,133.60714285714286,6.962962962962963,2.0092379244472363,0.3083420165975531,1.8751066484780368,545.8829182569248,-264.88291825692477,1
2021-07-10,SKU0001,STORE0002,S028,1,42,0,0,23,6,6.24,1.0,0.0,152.0,156.0,142.0,6.964285714285714,1.9716911871705816,0.3083420165975531,0.1352933218039894,592.1811300386136,-569.1811300386136,1
2021-07-11,SKU0001,STORE0002,S055,1,101,0,0,302,7,6.24,1.0,0.0,137.0,179.0,137.92857142857142,6.95,2.372540277512914,0.3126593008636436,1.957394720589774,645.019544992584,-343.019544992584,1
2021-07-12,SKU0001,STORE0002,S020,1,112,0,0,284,11,6.24,1.0,0.0,255.0,120.0,135.14285714285714,6.315789473684211,2.4732486863086547,0.3082092919427658,1.9042017917504384,645.4979064230672,-361.4979064230672,1
2021-07-13,SKU0001,STORE0002,S012,1,124,0,0,399,6,6.24,1.0,0.0,148.0,139.0,134.85714285714286,6.555555555555555,2.064325049137546,0.310784030916961,3.0998649289073223,490.3086131625116,-91.30861316251162,1
2021-07-14,SKU0001,STORE0002,S037,1,50,0,0,263,6,6.24,1.0,0.0,122.0,44.0,134.32142857142858,6.423076923076923,2.100915551336168,0.3084542729455699,2.0991850692183753,485.69349037000785,-222.69349037000785,1
2021-07-15,SKU0001,STORE0002,S030,1,115,0,0,217,7,6.24,1.0,0.0,140.0,157.0,134.53571428571428,6.2727272727272725,1.9021518914592015,0.3091998150166138,1.88694011356423,419.2619496337752,-202.2619496337752,1
2021-07-16,SKU0001,STORE0002,S043,1,64,0,0,346,8,6.24,1.0,0.0,236.0,101.0,133.03571428571428,5.678571428571429,2.1951726740243167,0.3082406769329207,3.105100338843113,451.64387748582,-105.64387748581998,1
2021-07-17,SKU0001,STORE0002,S057,1,154,0,0,264,6,6.24,1.0,0.0,42.0,150.0,131.71428571428572,6.642857142857143,1.747257866747222,0.3115580407978799,3.039438690672969,336.5177364112316,-72.51773641123162,1
2021-07-18,SKU0001,STORE0002,S017,1,101,0,0,177,8,6.24,1.0,0.0,101.0,168.0,131.85714285714286,6.541666666666667,1.9332146390351252,0.3056916624951722,1.7208166031719134,396.89175818359325,-219.89175818359325,1
2021-07-19,SKU0001,STORE0002,S041,1,156,0,0,291,8,6.24,1.0,0.0,112.0,154.0,129.46428571428572,6.888888888888889,2.1389631597324925,0.3104917496182471,2.829139161147044,428.88868750191807,-137.88868750191807,1
2021-07-20,SKU0001,STORE0002,S010,1,148,0,0,267,11,6.24,1.0,0.0,124.0,132.0,129.53571428571428,6.642857142857143,1.947729651068339,0.3081380225224308,2.4463126646745383,416.4179772550158,-149.41797725501578,1
2021-07-21,SKU0001,STORE0002,S010,1,120,0,0,296,6,6.24,1.0,0.0,50.0,106.0,130.10714285714286,6.793103448275862,2.076730093626372,0.3081380225224308,2.6294182665890022,447.80420970407505,-151.80420970407505,1
2021-07-22,SKU0001,STORE0002,S018,0,205,1,0,348,5,5.304,0.85,0.15,115.0,156.0,130.60714285714286,6.95,1.669383750149485,0.3110723409070097,2.839137676032946,408.13868040131473,-60.13868040131473,1
2021-07-23,SKU0001,STORE0002,S020,1,109,0,0,430,7,6.24,1.0,0.0,64.0,70.0,132.35714285714286,6.55,2.625281939746262,0.3082092919427658,3.1750820405334563,629.9836377893791,-199.98363778937917,1
2021-07-24,SKU0001,STORE0002,S006,1,184,0,0,290,5,6.24,1.0,0.0,154.0,116.0,133.75,6.076923076923077,1.7417939470115729,0.3102734775273436,2.044295760251438,461.58134273733367,-171.58134273733367,1
2021-07-25,SKU0001,STORE0002,S056,1,138,0,0,205,6,6.24,1.0,0.0,101.0,139.0,136.17857142857142,6.352941176470588,2.3168183050950564,0.3101551934335325,1.4027274495677935,601.989975050062,-396.9899750500619,1
2021-07-26,SKU0001,STORE0002,S057,0,142,1,0,366,6,5.6160000000000005,0.9,0.1,156.0,99.0,136.14285714285714,6.620689655172414,1.7199209513282097,0.3115580407978799,2.41696517098472,486.8985832129461,-120.89858321294612,1
2021-07-27,SKU0001,STORE0002,S047,0,182,1,0,292,5,4.992000000000001,0.8000000000000002,0.2,148.0,262.0,137.67857142857142,6.947368421052632,2.0405251015506964,0.3084207457711594,1.954097821525095,554.1759006574492,-262.17590065744923,1
2021-07-28,SKU0001,STORE0002,S029,1,60,0,0,338,8,6.24,1.0,0.0,120.0,136.0,134.82142857142858,6.65,1.755442664221313,0.3115503492149712,2.1907265415872303,492.12898990464146,-154.12898990464146,1
2021-07-29,SKU0001,STORE0002,S023,0,14,0,1,337,8,6.24,1.0,0.0,205.0,107.0,132.10714285714286,6.695652173913044,1.6077873731169026,0.3074041161280592,2.312729226368054,442.5408743017508,-105.54087430175082,1
2021-07-30,SKU0001,STORE0002,S014,1,104,0,0,178,6,6.24,1.0,0.0,109.0,95.0,128.78571428571428,6.636363636363637,2.059714602177749,0.3103407898821775,1.503002990324569,465.5134023184458,-287.5134023184458,1
2021-07-31,SKU0001,STORE0002,S059,1,143,0,0,299,5,6.24,1.0,0.0,184.0,152.0,129.10714285714286,5.966666666666667,1.8473342085721576,0.3073502992299263,2.5400269657903394,421.4396996348498,-122.43969963484976,1
